# {"t_start": 1596453386.6760395, "env_id": "Hopper-v2"} 
r,l,t
7.179689,13,0.244999
11.303377,13,0.266974
7.530988,22,0.299884
8.221646,25,0.336298
7.841293,22,0.371238
18.187959,31,0.408873
6.901608,12,0.424464
15.131395,22,0.455738
6.667799,17,0.486979
34.222018,44,0.549467
10.54266,12,0.565089
11.86765,21,0.58071
8.454181,14,0.611954
8.723341,11,0.627572
14.585933,32,0.674675
5.231373,8,0.686643
10.411333,14,0.705592
7.631636,18,0.733517
10.967312,15,0.755491
4.780232,17,0.778396
12.933918,19,0.805357
8.582953,17,0.828264
7.248697,13,0.847247
12.208272,14,0.87617
10.910442,24,0.909049
7.903193,18,0.935012
5.804873,24,0.967922
8.351913,18,0.992825
11.002952,28,1.031573
6.514796,19,1.062781
9.334675,17,1.078405
8.073905,11,1.094057
5.044981,7,1.109681
12.825468,24,1.140923
10.015097,28,1.187753
3.382261,15,1.203406
7.461239,17,1.234651
4.006939,19,1.250273
5.076363,11,1.265894
10.101921,18,1.297133
5.562582,17,1.312723
8.580034,13,1.328377
8.388299,16,1.359588
10.976938,15,1.375244
24.701007,26,1.406487
6.502351,23,1.437704
4.885287,21,1.468976
6.597779,13,1.484594
4.351821,20,1.515835
6.771518,26,1.562698
4.381851,14,1.578319
10.313466,16,1.593941
11.504013,15,1.60953
9.13504,11,1.641071
7.886842,14,1.660983
4.660043,19,1.687911
9.64557,24,1.723815
9.522202,17,1.749747
11.795932,15,1.77069
10.492665,20,1.79869
6.649345,15,1.814344
17.453648,18,1.829966
10.735039,14,1.86121
13.005347,24,1.892421
12.606993,27,1.923661
7.587684,16,1.954904
11.358271,13,1.970558
7.316621,26,2.001801
6.398319,14,2.017425
16.094574,27,2.064286
8.589189,12,2.079876
5.446596,8,2.079876
7.40308,13,2.09553
2.255997,16,2.126775
3.631919,15,2.142397
5.25137,13,2.158014
4.973154,17,2.189225
11.747953,18,2.204846
10.910463,19,2.236123
14.53159,20,2.267366
8.180405,12,2.282985
16.21755,21,2.314227
8.624896,13,2.329849
9.376049,26,2.361093
6.110855,14,2.392337
5.910218,9,2.392337
5.700757,11,2.407955
7.790429,11,2.423577
16.50636,22,2.454791
4.552456,9,2.470441
7.037251,10,2.486065
6.192092,14,2.501652
8.453542,26,2.532893
9.059594,14,2.564136
5.608159,16,2.579759
6.020436,12,2.595411
7.491658,15,2.611037
12.393221,15,2.644616
8.269092,19,2.671579
3.445556,24,2.704455
4.970199,28,2.746377
8.379084,13,2.764327
8.968891,14,2.784273
11.977423,15,2.804188
7.4909,13,2.823172
11.638801,15,2.844115
7.227742,11,2.859073
11.014366,16,2.880984
9.446215,16,2.903954
9.558981,14,2.922904
20.272665,26,2.954654
14.328584,15,2.970277
9.169759,11,2.985866
11.685268,17,3.017109
17.304585,27,3.048384
8.163169,10,3.063973
12.049081,21,3.095248
23.332033,25,4.285455
6.301003,10,4.301077
17.600257,31,4.347939
19.661118,26,4.379183
9.989416,18,4.410425
12.788806,15,4.426048
12.471633,16,4.441669
7.123018,17,4.472911
4.834438,21,4.514834
4.180225,15,4.528197
6.930145,11,4.543821
8.764349,17,4.575064
12.5114,25,4.606307
11.992571,15,4.621929
7.50473,19,4.663871
11.892829,15,4.684815
8.292407,28,4.72018
6.361626,15,4.735802
6.402104,24,4.767044
8.413452,12,4.782666
11.112172,17,4.813909
5.234793,16,4.829531
8.768591,22,4.860773
11.545839,20,4.892015
20.346115,21,4.923258
6.084954,18,4.938881
8.501642,20,4.970123
12.61279,15,5.001365
22.680166,23,5.032608
7.312818,11,5.04823
15.030576,22,5.079971
18.544361,24,5.114878
7.446647,15,5.138814
15.082316,26,5.179704
9.815625,12,5.200648
7.781963,17,5.229571
15.258951,23,5.266472
4.92997,12,5.284425
10.814554,16,5.309359
12.683498,26,5.348254
7.96345,24,5.385155
13.92278,22,5.418067
10.028911,11,5.436019
9.38761,21,5.468931
9.381627,14,5.489876
13.692234,21,5.519685
8.697597,13,5.537638
15.726126,23,5.555063
17.538213,20,5.586306
13.282343,24,5.617548
16.762153,21,5.662485
19.980525,25,5.69839
5.168324,22,5.741275
12.161382,13,5.774186
11.448878,13,5.805104
7.066241,14,5.85497
8.191202,17,5.905832
8.862102,23,5.957701
9.658179,16,5.991607
9.898085,18,6.019267
22.058585,22,6.051709
7.233749,16,6.080013
11.008061,13,6.100694
9.934121,12,6.118379
18.051752,30,6.165654
7.003869,12,6.184602
10.522793,16,6.209536
10.974403,18,6.235467
9.437812,25,6.27137
25.331029,31,6.318245
3.133291,20,6.348165
9.736208,18,6.376091
9.03129,13,6.390695
6.81295,21,6.421941
7.682369,29,6.453183
10.020339,12,6.468806
10.918052,15,6.500047
11.995954,13,6.51567
13.914868,17,6.544469
20.889312,27,6.574129
3.659789,14,6.604126
9.357695,27,6.647012
6.59127,8,6.659979
4.439508,23,6.694884
20.112441,22,6.728794
6.836883,16,6.753726
6.473274,12,6.771678
7.874869,23,6.806584
14.790756,18,6.832516
8.386734,13,6.850468
4.580983,11,6.867424
9.181921,19,6.897343
8.905174,11,6.912303
10.249545,16,6.935241
7.251091,21,6.965161
7.99261,11,6.967276
10.07915,25,7.014144
7.059101,9,7.014144
6.895023,9,7.041746
9.384801,22,7.074656
14.643125,20,7.104575
25.161567,24,7.139481
32.734322,43,7.202313
4.023849,24,7.23722
2.916537,18,7.264148
11.0068,15,7.285092
6.215465,12,7.304042
7.733128,22,7.334959
9.793105,23,7.357231
8.90732,23,7.510238
10.193633,20,7.53916
13.915923,17,7.565123
8.602433,14,7.586069
50.575333,50,7.661873
31.530447,27,7.700761
42.113918,43,7.76459
14.715506,20,7.792516
13.5674,18,7.818445
16.179716,26,7.854147
15.779267,21,7.885359
9.805024,17,7.912652
7.803725,12,7.931604
29.671984,35,7.985459
26.018307,33,8.035329
8.544834,12,8.053279
7.843396,14,8.075185
17.921352,20,8.106103
7.733617,10,8.121062
10.977038,18,8.148987
11.743558,26,8.189911
7.986495,18,8.215842
18.769373,24,8.242467
25.100052,25,8.273679
11.908332,14,8.289333
8.084694,11,8.317988
11.44494,18,8.343953
4.84066,13,8.363899
12.747777,27,8.402796
10.773486,14,8.426701
8.867513,21,8.459611
6.542571,17,8.477663
18.989499,22,8.508942
19.52416,21,8.540184
6.900228,10,8.555804
17.824122,33,8.602668
19.145939,24,8.641282
30.126963,48,8.72004
12.327893,15,8.766913
16.83495,19,8.831083
35.859563,36,8.909191
36.163639,39,8.987298
32.415518,32,9.034195
7.637548,10,9.049786
23.260545,38,9.112309
7.151875,17,9.12789
33.738619,32,9.174791
4.203086,13,9.206031
17.887987,23,9.237273
25.175601,30,9.284136
56.263541,63,9.377864
39.337015,47,9.46247
11.717985,17,9.487403
30.347301,27,9.527297
45.62844,52,9.613036
27.120287,36,9.665198
21.729563,23,9.699075
11.208505,19,9.729991
20.328534,22,9.767923
21.773814,21,9.799839
44.949279,43,9.861673
10.649976,17,9.886574
38.129161,39,9.938631
11.045659,29,9.969875
14.874559,27,10.016771
11.202954,16,10.032393
34.474912,36,10.094845
7.502696,9,10.094845
38.66904,36,10.157366
34.729204,35,10.204229
13.935878,23,10.235471
15.021484,20,10.266714
12.629464,20,10.297923
13.657875,26,10.335768
24.812943,29,10.379653
12.733971,21,10.41057
13.308702,20,10.441519
5.347934,11,10.458478
50.049846,52,10.533001
13.506917,14,10.552979
17.23401,38,10.593343
7.692651,13,10.608965
33.617657,33,10.796171
27.486874,38,10.86103
65.608771,78,10.973727
35.935598,46,11.029954
6.197702,9,11.05432
44.970811,55,11.127194
10.75527,20,11.158435
21.649803,20,11.174057
21.757064,26,11.220887
14.843875,26,11.252164
11.062711,17,11.283407
37.485372,38,11.330269
6.437944,20,11.361515
145.525914,112,11.502073
19.687344,31,11.548968
42.313396,51,11.611455
8.391526,22,11.657061
9.710975,21,11.685945
72.355241,73,11.791663
109.153811,82,11.905391
17.655631,17,11.928297
15.067965,17,11.948418
73.068699,67,12.057802
50.572503,56,12.135875
45.139094,46,12.19836
62.770029,56,12.292123
22.718784,33,12.323364
35.895158,37,12.385817
28.257573,24,12.417093
16.049252,24,12.448335
109.9293,77,12.557684
38.976847,45,12.620138
21.490591,23,12.65911
10.244365,13,12.677063
55.897906,75,12.783813
9.625201,21,12.813698
22.216084,27,12.852628
25.208471,24,12.89149
15.119029,21,12.92244
21.917599,27,12.960306
72.799584,84,13.076497
13.848332,31,13.107704
53.813036,53,13.185843
14.121106,30,13.23271
94.270169,56,13.310782
72.441766,67,13.40451
13.245029,19,13.435753
80.410198,76,13.529517
25.039643,30,13.576379
30.948768,42,13.623242
7.971154,11,13.654263
93.804462,65,13.847714
106.755632,74,13.949475
91.120088,53,14.019162
17.491925,18,14.034819
85.054247,53,14.112925
113.394049,70,14.206655
85.001754,53,14.284759
154.98565,127,14.456596
57.472329,36,14.503426
38.44131,44,14.565943
76.475384,46,14.62843
58.049676,36,14.67947
83.944911,49,14.75028
122.565008,80,14.859954
48.359078,58,14.940772
70.132569,42,14.998585
59.317604,37,15.046993
150.37883,132,15.218829
75.69213,64,15.312557
128.814769,85,15.421906
86.088991,50,15.484386
54.580725,55,15.562498
17.13134,24,15.593708
146.438153,81,15.720855
26.298062,41,15.783698
58.283109,61,15.872459
21.789159,34,15.919846
31.176232,33,15.951086
10.356345,13,15.982326
83.536135,50,16.04478
74.203169,46,16.107297
19.941327,26,16.15413
84.061153,51,16.216615
74.209062,46,16.2791
112.052447,82,16.388481
58.507147,56,16.46659
45.095827,40,16.529073
38.340409,46,16.591529
117.096214,83,16.817285
5.078863,15,16.839226
20.254106,19,16.865156
10.924396,15,16.8861
92.1758,61,16.969323
86.998613,51,17.031809
66.07614,41,17.094295
98.147407,64,17.172401
88.267204,51,17.250508
68.816735,44,17.312993
131.304254,95,17.437964
124.142385,68,17.531693
113.816475,87,17.651426
80.315948,46,17.715255
8.682293,18,17.743181
94.152273,53,17.815986
41.955258,46,17.879815
63.751689,40,17.935666
24.393619,27,17.972568
83.967488,50,18.035505
88.777411,56,18.113612
111.59685,61,18.191718
7.418298,10,18.207341
30.160425,46,18.269825
76.646035,46,18.33231
56.994832,59,18.410417
73.993812,83,18.519766
121.038671,73,18.613494
64.012948,40,18.684032
71.38429,43,18.74487
94.193471,56,18.821665
119.668014,123,18.979669
58.773069,35,19.026533
119.892428,71,19.120261
79.323878,51,19.198368
100.116716,61,19.276475
75.269041,48,19.33896
81.973397,48,19.401445
66.610153,41,19.46393
19.007807,17,19.495173
86.157078,50,19.666075
65.941858,40,19.720929
82.853675,50,19.793733
86.266977,60,19.877511
84.922959,50,19.946327
67.368297,41,19.9983
13.000495,16,20.013927
68.740131,46,20.076409
8.536371,10,20.092031
20.960636,30,20.138895
77.406692,49,20.20138
99.345153,56,20.279487
71.368808,42,20.341973
9.41922,12,20.357594
144.370257,105,20.498185
268.209102,221,20.809792
80.085257,49,20.877611
107.527612,75,20.966505
59.778151,37,21.028993
71.376709,46,21.091479
77.258536,46,21.153964
44.162978,27,21.185207
62.121971,38,21.23207
56.563236,34,21.278935
82.489755,54,21.357041
68.743991,42,21.419526
95.480201,58,21.497634
51.989726,32,21.528877
30.12745,44,21.591362
78.311018,46,21.666035
89.031965,80,21.777736
86.090893,50,21.838724
90.901339,53,21.916833
80.232815,47,21.979318
58.42981,35,22.026182
84.740986,64,22.104289
60.783536,38,22.166774
13.974398,16,22.182398
95.823158,66,22.276124
58.764053,35,22.322988
70.298345,43,22.385474
63.289182,38,22.432338
50.966214,31,22.572963
80.247742,56,22.662668
83.433001,48,22.731485
73.898175,44,22.794351
106.305339,58,22.8751
68.983479,43,22.935106
61.825757,38,22.981936
67.766586,40,23.0288
99.974902,65,23.122527
63.490105,39,23.185048
97.664344,66,23.263153
114.914646,76,23.372502
74.486649,45,23.434989
46.992485,28,23.466208
103.025079,60,23.559959
49.604632,30,23.591205
57.145967,35,23.652389
68.554945,41,23.708238
58.830272,36,23.761097
86.341215,51,23.831908
56.553389,36,23.881743
59.106128,36,23.931609
78.465113,48,23.985668
74.43944,46,24.048121
58.459358,36,24.11064
45.16505,27,24.141881
58.094125,35,24.188746
81.148423,48,24.251232
87.515655,50,24.329338
65.058668,39,24.37617
81.223098,49,24.438656
90.250664,56,24.516763
60.000311,36,24.563659
78.122477,47,24.642141
50.674858,30,24.684062
70.362065,42,24.743901
47.468183,29,24.784794
91.638655,60,24.867573
92.527416,53,24.941341
88.890854,52,25.004044
61.119919,36,25.050912
151.629615,95,25.1915
61.986723,38,25.238361
65.017157,40,25.300851
107.135193,65,25.488275
64.19614,38,25.535139
82.729461,50,25.613246
90.046083,52,25.686781
67.66353,42,25.746622
52.59355,31,25.789507
64.137459,40,25.84436
102.779922,65,25.93412
97.470208,55,25.995049
106.861601,60,26.088776
70.313221,42,26.13564
108.487943,64,26.229368
56.510381,34,26.276233
83.309976,62,26.354339
57.988315,35,26.416825
15.93032,17,26.432447
42.011211,25,26.463689
72.322785,43,26.526174
87.728823,50,26.58866
59.097162,36,26.649843
95.933847,55,26.733619
50.561087,30,26.775507
65.443434,40,26.83036
99.58475,55,26.906157
123.111693,68,26.999022
74.212203,43,27.045889
80.287336,66,27.139617
96.627633,67,27.233345
102.563668,58,27.311452
102.036136,60,27.389559
93.622066,54,27.467666
34.904769,29,27.498908
61.127536,36,27.545773
59.391356,35,27.592636
97.880558,56,27.684798
20.59692,22,27.715716
57.969109,35,27.765583
85.217824,51,27.835396
98.086758,67,27.929145
103.57437,58,27.997411
39.16459,23,28.028654
47.055075,28,28.075518
115.889503,66,28.153625
93.572205,55,28.231731
81.673229,48,28.403566
57.686564,36,28.450428
54.321073,34,28.497326
92.333854,57,28.575433
106.104943,58,28.666335
100.306004,62,28.753106
102.303831,60,28.835883
92.180747,53,28.909688
84.27114,52,28.981495
102.586576,57,29.04678
46.038902,27,29.093675
112.630669,61,29.171792
100.138647,58,29.249892
95.875677,54,29.327998
94.778392,54,29.406103
65.68966,40,29.452968
97.869224,63,29.531074
140.5669,78,29.651753
93.862778,53,29.724555
110.74426,66,29.816277
55.968098,33,29.862154
82.685973,50,29.919559
76.721028,45,29.982042
111.911749,66,30.07577
105.623144,58,30.153877
104.269286,59,30.231981
120.172839,65,30.325711
63.926037,38,30.372576
118.271845,67,30.466308
99.670118,56,30.544428
103.146187,59,30.622518
103.278062,60,30.711323
37.415214,32,30.758229
77.829387,64,30.845963
69.644805,43,30.905837
106.657845,61,30.985823
156.349406,81,31.095173
47.211686,28,31.126415
90.256843,52,31.204522
121.16625,65,31.391947
109.14002,61,31.485675
111.024002,65,31.570521
114.60505,63,31.662265
125.064602,74,31.765988
147.375789,77,31.872702
75.20888,52,31.94451
109.014025,60,32.019766
119.691525,69,32.113494
114.113477,66,32.207222
151.183339,90,32.332192
98.139874,57,32.410301
135.277647,71,32.504028
134.338993,69,32.597756
94.989178,53,32.674898
111.833375,63,32.763661
127.922084,68,32.858408
156.665762,80,32.963911
54.075573,39,33.010775
37.726712,30,33.05764
100.995535,58,33.135747
108.844466,67,33.229475
147.14379,80,33.338825
99.185869,57,33.416932
150.449905,90,33.541901
69.952445,42,33.604387
44.630829,33,33.650948
105.963565,61,33.736719
124.364366,67,33.829471
120.37598,73,33.931199
132.302851,73,34.029387
132.76355,73,34.123115
129.325345,72,34.331481
125.83453,67,34.42521
126.071029,69,34.525373
138.520896,73,34.619135
151.42156,83,34.745871
136.216193,73,34.836027
113.360899,65,34.929755
160.487881,84,35.0391
121.829779,73,35.148456
138.584943,78,35.242181
141.599588,78,35.351531
143.954636,76,35.46088
88.371129,58,35.538991
184.304236,94,35.673929
152.254782,82,35.789622
67.410216,46,35.838661
111.06296,60,35.932422
66.058992,39,35.979287
123.698158,66,36.073015
80.185356,55,36.151124
154.864321,84,36.260473
124.607764,69,36.354199
113.751631,62,36.432305
105.087558,60,36.526002
152.735405,79,36.635385
110.267001,64,36.723636
71.960421,42,36.784507
149.384408,79,36.888356
143.309627,78,36.99774
171.561375,89,37.216438
161.198434,87,37.325788
93.805343,56,37.409937
172.253933,91,37.534907
121.895685,70,37.628615
138.547673,75,37.74239
147.080259,82,37.855088
178.771272,88,37.970218
132.023342,73,38.06398
124.216271,71,38.157708
175.789092,112,38.313921
124.338379,72,38.407643
110.389262,64,38.501344
175.819025,98,38.626316
130.775751,82,38.758187
168.278282,84,38.874877
168.389582,83,38.988711
172.873736,87,39.098093
145.154358,75,39.207443
187.966462,95,39.332414
166.385043,92,39.457384
146.089646,86,39.566702
135.251076,76,39.68309
140.540937,76,39.789837
148.825864,94,39.919458
143.33493,75,40.120382
164.42536,92,40.245354
137.390483,82,40.362126
133.0967,70,40.455853
172.489168,89,40.580825
188.319924,119,40.752531
218.46138,118,40.918088
156.11256,87,41.030234
148.044845,81,41.139583
121.800266,83,41.248933
200.675268,105,41.389525
148.970933,83,41.514495
162.485322,90,41.641827
148.325937,84,41.761507
172.375336,101,41.900135
58.116616,40,41.955987
150.621005,83,42.059824
138.699861,77,42.169173
121.585734,68,42.262902
114.50632,61,42.341008
200.241508,100,42.4816
154.019569,84,42.59095
161.571136,79,42.711483
72.388249,43,42.773317
167.047064,94,42.995466
175.18233,94,43.136089
210.27574,106,43.282084
192.828297,113,43.422709
212.127517,112,43.578923
48.806223,30,43.625785
169.202562,100,43.771428
158.060479,99,43.903913
193.650812,105,44.044508
186.437027,100,44.185099
171.774471,103,44.325689
181.00785,97,44.450659
200.891687,116,44.606872
184.384912,105,44.76416
203.627033,112,44.917748
135.586332,80,45.016971
208.486229,106,45.157561
78.325547,46,45.23567
184.359116,99,45.36064
200.794431,117,45.516854
216.101165,119,45.692099
66.887199,40,45.750974
185.719404,113,46.004071
217.42535,116,46.167588
193.276494,106,46.30818
186.262033,108,46.448771
169.054088,96,46.589365
95.54285,65,46.682547
107.057878,64,46.767768
218.412965,130,46.939603
198.244575,120,47.111437
251.251731,161,47.330136
209.319047,121,47.486349
200.980719,111,47.646032
209.158314,121,47.814581
199.911437,101,47.953211
236.820319,145,48.138794
118.062544,71,48.248145
169.704914,90,48.357493
72.865807,50,48.4356
93.52447,61,48.513706
193.698646,109,48.742864
226.956787,132,49.038786
209.449944,117,49.202411
202.36397,110,49.358625
219.500111,124,49.53046
186.493048,107,49.68309
9.898146,13,49.702039
196.739898,115,49.854424
217.121536,121,50.02626
208.251703,115,50.182473
184.400849,99,50.307444
258.047914,176,50.557385
191.138848,106,50.697977
158.291069,90,50.822948
187.837904,99,50.947918
211.741858,114,51.104131
166.171959,88,51.229103
252.216742,162,51.447802
197.684746,106,51.588394
204.855135,129,51.882039
219.811553,128,52.055716
219.951924,122,52.211929
175.558711,97,52.352522
170.105193,95,52.477493
225.635798,130,52.662923
204.126675,109,52.815515
189.511636,109,52.966113
207.957096,115,53.113156
202.184302,110,53.26937
183.363434,98,53.39434
222.402157,142,53.597418
210.794353,112,53.758403
212.950296,132,53.939918
196.521611,109,54.089605
171.170088,100,54.214576
185.534614,106,54.37079
255.677944,156,54.573866
200.469174,103,54.831246
179.180265,102,54.973865
208.884056,111,55.123895
191.348552,105,55.264486
204.297003,112,55.4207
194.11293,105,55.561293
195.002119,103,55.707597
207.18649,110,55.862184
196.275142,105,55.997264
178.833697,100,56.137856
202.386822,99,56.278448
199.229985,102,56.41904
168.846712,94,56.544011
219.308011,119,56.71239
175.506372,98,56.83918
196.158492,107,56.995396
189.959868,104,57.135987
219.387956,112,57.292202
220.921507,119,57.448414
218.870663,112,57.710219
203.44295,109,57.866832
208.686354,111,58.013857
190.220498,97,58.138828
183.28787,96,58.279387
191.995575,103,58.41998
188.793662,100,58.560604
210.591388,112,58.719949
194.144828,102,58.863532
209.774769,112,59.016649
206.802182,111,59.157243
201.197226,109,59.313423
202.080261,105,59.454013
203.261772,110,59.610264
210.06701,121,59.783537
198.425114,100,59.922167
207.449891,113,60.066274
194.841972,96,60.206866
237.658981,125,60.3787
200.220031,104,60.612988
224.340398,117,60.792239
222.324595,122,60.948919
193.178454,98,61.089514
198.715146,103,61.230105
229.170105,119,61.386319
261.266971,130,61.573775
211.225517,108,61.728418
230.462382,131,61.908936
205.514379,109,62.045665
200.114728,102,62.186258
196.031988,109,62.342471
212.421601,112,62.498684
200.519765,103,62.641662
198.089776,110,62.798244
204.411451,105,62.943855
210.454101,114,63.090903
217.720889,109,63.247117
233.240614,114,63.403331
229.084923,123,63.677484
258.927384,137,63.870451
231.836977,116,64.026664
198.90538,106,64.167257
215.571533,107,64.323456
217.593567,111,64.464063
196.631597,101,64.604621
272.512688,136,64.807814
225.200211,118,64.96685
226.992704,117,65.123062
227.275472,112,65.279279
219.044711,106,65.419868
263.018149,130,65.607326
203.60936,106,65.760621
292.592528,131,65.938254
205.269983,107,66.078879
218.854377,105,66.219473
231.866514,116,66.485034
232.473496,116,66.65767
189.363528,97,66.795339
286.639346,140,66.987931
213.202816,107,67.128559
290.19314,137,67.316015
228.043167,123,67.472227
227.601458,110,67.628407
278.394642,147,67.841994
208.169757,108,67.980077
237.002326,122,68.151879
223.736804,109,68.292505
237.662734,120,68.464339
297.315772,135,68.65156
210.595219,103,68.796174
245.061201,124,68.966719
219.245841,115,69.12377
189.527618,101,69.24874
280.982997,139,69.545547
230.963196,118,69.714374
247.693495,132,69.899846
298.682234,130,70.075162
279.938603,128,70.246991
215.619501,104,70.387588
261.270624,125,70.559425
235.149509,116,70.723817
60.220738,43,70.785618
34.137861,27,70.823517
216.790709,106,70.963748
96.59271,63,71.041886
196.141165,113,71.198101
276.977476,154,71.416797
214.89608,106,71.557357
239.261897,118,71.723694
247.231229,121,71.888412
270.18608,152,72.091523
117.237611,72,72.294569
264.204242,146,72.490613
220.019901,109,72.653238
272.450194,121,72.824779
296.45254,132,73.001091
226.931892,118,73.157305
59.654976,41,73.21979
102.678197,62,73.297896
156.568632,107,73.45411
252.250355,127,73.625946
261.575643,129,73.809481
294.629679,143,74.003755
232.436488,116,74.159969
227.080843,109,74.300561
288.561424,162,74.534882
252.73054,123,74.704477
261.168806,130,74.886989
274.420347,125,75.058293
276.479602,137,75.370751
278.382349,125,75.548585
272.127738,129,75.727967
291.638003,131,75.907488
248.869076,116,76.060965
236.717537,112,76.217146
287.256618,126,76.4046
325.393494,159,76.679207
267.404016,137,76.870663
235.840669,114,77.029112
282.196942,139,77.21657
222.379767,109,77.357157
214.808639,112,77.513374
258.05774,129,77.691651
245.859666,133,77.869621
225.47221,109,78.010213
251.871304,121,78.291367
236.933508,115,78.439536
202.938538,98,78.580128
252.531803,124,78.772631
279.078869,129,78.935298
218.355552,111,79.091512
225.472833,115,79.247725
229.190585,109,79.403939
210.444358,109,79.544532
253.568385,118,79.714468
210.987938,105,79.862073
264.030153,127,80.032706
234.39284,120,80.18892
261.506552,127,80.360755
240.819723,120,80.532589
226.782582,116,80.692243
282.592053,130,80.872761
294.745853,132,81.144775
302.370218,136,81.341738
298.673665,132,81.513574
339.344108,155,81.732274
232.823452,114,81.888487
190.677676,99,82.013458
298.556176,151,82.216535
211.705029,104,82.357128
270.732392,122,82.528963
302.547777,140,82.72846
265.659443,127,82.902993
282.666607,128,83.076951
206.093597,105,83.217544
311.429261,143,83.405
272.600952,126,83.576834
296.259243,133,83.766365
271.156955,125,84.044076
289.963144,131,84.215941
296.705593,133,84.409474
316.016828,138,84.59693
275.282611,127,84.781035
206.436419,103,84.933596
261.937895,121,85.093682
249.249814,137,85.281138
276.024811,133,85.468593
298.857549,137,85.660738
270.170043,129,85.843249
327.108917,170,86.075762
309.698498,134,86.247598
287.21567,135,86.435054
218.318195,112,86.591236
267.899447,126,86.778168
247.157106,114,87.032601
323.500956,140,87.227052
322.296749,145,87.414508
242.587781,121,87.586343
77.060138,50,87.656454
148.892169,88,87.779126
299.445302,129,87.954656
251.779281,116,88.09803
335.931307,139,88.285486
254.863625,123,88.457321
330.476804,157,88.675066
319.595676,147,88.877525
318.452441,141,89.057795
303.72308,144,89.260872
316.587554,145,89.448328
293.822609,130,89.620164
276.899334,127,89.908446
270.505318,130,90.083238
304.930402,138,90.270728
219.167167,105,90.411287
310.750393,146,90.614398
267.21925,126,90.791751
238.985478,116,90.950326
304.789967,138,91.122677
259.679126,125,91.294515
296.769565,134,91.481968
253.935587,124,91.655615
310.540096,134,91.839286
290.502441,130,92.011132
217.132625,107,92.151747
300.037245,127,92.323583
298.861898,133,92.511039
307.97148,140,92.810928
275.225259,121,92.975457
321.276875,134,93.147294
310.882203,142,93.350374
317.032315,135,93.537828
255.24945,118,93.707402
297.303188,140,93.90288
289.646409,128,94.06389
293.809676,140,94.251346
272.434834,126,94.42318
298.3752,129,94.610637
358.610656,145,94.813793
267.330166,124,94.984338
322.679856,135,95.160299
255.495838,124,95.332133
310.297591,140,95.519589
306.546501,141,95.826232
366.326723,157,96.037502
293.220325,126,96.209337
283.569622,126,96.381172
235.636891,116,96.537384
294.276278,128,96.715967
297.231935,136,96.905461
374.786399,173,97.138921
333.841824,153,97.341999
304.442078,139,97.529455
241.641461,113,97.688028
305.561168,140,97.882508
339.899941,155,98.091374
233.137854,117,98.247587
266.769394,123,98.403801
301.956934,137,98.706519
306.422419,132,98.886147
298.085998,134,99.089222
298.862299,134,99.261058
319.812819,135,99.448515
293.608174,135,99.635971
294.533395,125,99.810391
294.357393,130,99.983046
300.990242,137,100.170505
256.410509,117,100.326716
315.834754,149,100.529796
294.935475,129,100.708289
307.469973,130,100.888771
314.9984,135,101.063747
280.768113,137,101.251204
276.174568,129,101.516735
323.373543,139,101.72791
229.015171,112,101.883495
298.540142,132,102.050907
468.986279,194,102.316469
302.709312,130,102.488304
293.492395,131,102.6828
336.809658,143,102.881269
342.300291,147,103.074233
337.985775,151,103.27731
284.129669,129,103.449144
343.886001,142,103.651956
325.033743,140,103.846404
294.156192,134,104.029407
299.469602,130,104.201241
363.539741,149,104.51369
286.490192,129,104.691828
300.658162,133,104.877332
325.14685,140,105.059988
384.071353,160,105.278686
283.157527,128,105.450519
473.014907,179,105.700269
329.682909,139,105.885941
309.122258,132,106.057742
364.963858,155,106.276473
304.405554,128,106.44831
341.930827,141,106.643124
387.005547,163,106.867557
282.31106,128,107.0292
319.351099,140,107.326043
327.95561,135,107.511491
298.573856,139,107.706631
349.976772,152,107.917067
400.673296,170,108.141264
379.524528,154,108.34431
355.876192,148,108.563009
409.147428,165,108.820997
292.354041,137,109.019971
249.024723,113,109.176181
333.352549,153,109.379261
326.220918,147,109.582336
392.41347,160,109.820756
344.757629,142,110.011089
351.756574,146,110.307897
295.675214,133,110.48362
422.440816,173,110.732931
321.7058,139,110.925453
325.846075,139,111.107769
426.033151,180,111.342087
322.130231,136,111.529522
357.08851,145,111.739049
301.036143,131,111.914311
269.494775,130,112.086114
350.311363,153,112.289191
382.04887,161,112.507891
313.982394,139,112.706174
317.336978,135,112.889816
309.35901,135,113.17097
283.391722,124,113.332794
308.458308,137,113.520251
287.982815,127,113.705459
386.856793,164,113.920334
331.98373,137,114.10779
221.648968,109,114.264004
428.723841,168,114.482702
306.284998,135,114.676125
309.918394,136,114.866617
306.125156,130,115.032289
315.476541,141,115.219744
314.103958,136,115.407199
421.04474,172,115.6499
447.076286,185,115.905217
177.134168,101,116.1443
315.578203,138,116.32204
336.194036,139,116.509496
414.676804,157,116.728597
440.263799,172,116.957775
261.063032,121,117.113989
414.639411,166,117.348309
477.694511,192,117.598251
423.44384,171,117.840998
341.372605,143,118.029942
370.47828,146,118.217399
324.715005,139,118.404855
218.285108,115,118.561068
398.867593,161,118.894847
433.834247,171,119.127111
273.211535,122,119.283326
430.03333,169,119.517643
378.29382,162,119.743723
346.437411,139,119.934211
437.745836,170,120.156729
411.260216,165,120.375427
377.22575,165,120.594127
314.227747,135,120.793986
571.505916,222,121.091955
479.901298,195,121.341895
214.823402,106,121.482454
376.490898,150,121.804781
257.978669,120,121.96978
438.658064,166,122.194952
285.21672,126,122.351165
423.76885,165,122.585486
468.224105,184,122.840719
330.477868,150,123.035303
498.572398,207,123.316487
451.583026,170,123.550807
220.123509,110,123.701745
421.834107,178,123.949084
385.155304,149,124.136643
226.156912,118,124.308478
220.420696,109,124.44907
556.918702,218,124.856721
404.263524,169,125.076566
361.589461,148,125.279644
368.228535,163,125.498342
397.176638,156,125.71113
382.650126,159,125.930544
213.728051,115,126.074936
402.52233,157,126.293635
425.642769,159,126.496712
349.867408,152,126.714002
320.22592,136,126.88664
433.16565,182,127.136582
311.646239,128,127.308416
582.583409,249,127.757459
443.145799,176,127.98196
364.159408,156,128.200659
339.164215,143,128.388115
342.447906,147,128.591192
435.954743,171,128.835927
440.261115,168,129.063736
469.085128,171,129.282435
349.77283,143,129.485513
473.460453,188,129.748841
437.557745,179,129.988311
534.753371,206,130.269498
316.748612,140,130.550713
391.537409,154,130.780173
306.738843,134,130.957544
343.139126,149,131.160622
463.258557,175,131.394943
396.948255,161,131.613606
431.20117,169,131.852696
454.04443,179,132.092181
548.3785,205,132.357744
239.971074,127,132.529579
189.930071,106,132.687153
433.666294,186,132.929844
521.250128,200,133.304769
489.603193,188,133.558364
547.212589,223,133.869791
434.828045,171,134.088456
513.577868,192,134.354051
456.567437,197,134.603992
532.032302,198,134.888234
215.845735,114,135.044484
484.876274,188,135.294425
491.465491,194,135.544367
367.214106,152,135.763092
480.430816,186,136.001303
451.957962,193,136.366981
401.33884,159,136.585683
477.707116,173,136.841346
340.624594,139,137.019332
383.707692,153,137.238031
365.760591,159,137.441109
340.411099,139,137.628565
469.614296,185,137.895036
490.45801,182,138.136467
481.516066,189,138.386409
301.074508,127,138.558244
454.107246,174,138.809351
432.23505,169,139.139673
403.519441,154,139.34968
532.712701,214,139.630864
450.463062,173,139.881252
434.296799,183,140.122364
374.686946,156,140.325442
345.805551,158,140.544141
483.062647,184,140.803807
228.532453,112,140.948179
493.057045,190,141.213743
561.331818,202,141.479306
488.6996,182,141.734641
416.192566,165,142.060138
412.221574,170,142.284549
608.466686,226,142.581355
455.153979,185,142.850652
492.897949,184,143.094753
682.150093,272,143.454044
509.209157,185,143.718689
569.035501,227,144.019334
433.482574,172,144.253654
353.69863,147,144.456731
466.436524,180,144.705562
438.606377,168,145.027211
246.894534,114,145.188159
462.937039,178,145.422446
713.92782,251,145.778218
473.961901,190,146.0301
452.465759,176,146.264419
785.929419,309,146.690578
522.707962,205,146.966009
418.682713,164,147.200363
542.206347,204,147.465927
492.983504,183,147.854799
484.088937,176,148.079879
713.295185,238,148.407928
228.577444,113,148.564141
409.135364,158,148.79932
567.93485,197,149.11175
351.470831,146,149.314828
516.54621,194,149.58039
608.861017,210,149.869653
423.725684,168,150.094817
340.739308,141,150.282273
409.210883,164,150.500972
619.695744,229,150.928421
643.847426,237,151.238323
576.943593,210,151.519507
401.66088,164,151.75476
479.434568,185,151.995209
597.740162,229,152.307636
638.367637,244,152.642023
463.933951,184,152.896731
561.821809,214,153.186054
493.876116,188,153.435996
349.123897,152,153.760305
439.208435,165,153.98159
479.819479,193,154.231531
542.189754,196,154.497095
530.674573,198,154.783166
678.875125,242,155.104791
697.530008,244,155.432843
490.988208,183,155.686254
607.716704,231,155.998254
510.582011,187,156.248196
538.572138,204,156.623107
536.243366,200,156.912405
542.221073,194,157.172847
412.850055,191,157.422788
464.678317,179,157.675864
531.26598,209,157.962065
675.976003,266,158.316278
508.441529,210,158.597462
448.802215,174,158.847178
574.244845,204,159.120878
514.921558,207,159.495802
574.366919,216,159.809308
623.343385,239,160.155143
512.255503,192,160.420707
420.534429,165,160.644875
547.854036,192,160.909165
485.514535,187,161.153651
481.230693,185,161.403599
531.009412,203,161.687634
752.638027,267,162.042475
634.683157,246,162.484164
632.183032,225,162.797457
422.771319,160,163.01329
524.7098,190,163.263232
585.699514,211,163.544421
497.992423,177,163.801122
514.641126,189,164.048298
597.340412,216,164.345106
512.10773,188,164.595048
699.702725,250,164.947603
631.695668,214,165.332338
530.621114,199,165.603348
507.771224,209,165.897346
512.244936,186,166.145437
642.457933,256,166.489105
630.085834,219,166.797402
586.710649,224,167.092694
616.801907,232,167.405123
610.902243,224,167.71772
374.429011,145,167.916193
564.601134,212,168.297973
554.844896,214,168.610366
527.595141,199,168.885509
770.214051,287,169.276042
652.867945,215,169.557229
512.915203,188,169.823772
558.398098,198,170.089334
654.350411,238,170.417383
469.496187,173,170.651441
555.048673,203,171.032518
574.703071,209,171.317442
603.579507,217,171.614281
593.52723,216,171.913177
595.159968,220,172.206884
642.187775,240,172.534929
528.74616,179,172.788388
387.939251,164,173.011544
637.23011,220,173.308356
647.346264,262,173.663682
593.569231,219,174.061409
804.942169,291,174.456629
545.627193,217,174.75926
550.449676,209,175.028436
526.727972,189,175.293966
352.792774,152,175.497078
486.341016,176,175.744885
901.198301,340,176.198185
567.350581,209,176.479369
676.378551,247,176.919792
672.188676,229,177.221776
503.316216,182,177.471749
654.81333,224,177.789606
572.684445,216,178.078993
355.231251,142,178.266485
486.790407,181,178.516424
503.412994,204,178.803399
609.318212,201,179.066208
386.500575,153,179.269253
487.227003,184,179.519195
473.700828,179,179.883427
653.728392,215,180.161082
299.80385,133,180.348538
490.102949,193,180.598485
586.048501,201,180.891199
742.802719,243,181.217733
502.981431,183,181.452054
771.794646,253,181.810658
503.20666,185,182.0601
542.900398,194,182.310042
683.45961,250,182.766595
647.185384,225,183.057178
635.961975,229,183.369604
607.715814,226,183.683543
529.619745,193,183.936033
628.051472,221,184.232838
569.920062,203,184.514023
648.811688,238,184.8458
548.934458,214,185.12615
590.914522,203,185.501061
639.581879,220,185.81047
557.69669,214,186.097551
609.737291,220,186.378737
646.288555,251,186.731518
572.22805,208,187.011523
633.243679,223,187.308328
467.218357,180,187.542648
579.319483,201,187.826165
709.123227,263,188.295645
707.374909,249,188.629683
505.384535,191,188.897064
644.564934,216,189.184775
604.665088,213,189.465955
446.518155,173,189.708993
817.119856,296,190.104438
516.582047,188,190.354346
603.734477,217,190.655922
624.962042,226,190.966599
588.937619,206,191.341512
600.603096,228,191.653055
569.087517,196,191.923334
633.327917,225,192.219654
581.924516,218,192.516492
573.958505,197,192.791482
711.684394,231,193.097483
651.171164,229,193.409903
491.120123,204,193.689006
634.408041,231,194.098657
524.805737,193,194.367771
602.120587,206,194.649657
560.462221,199,194.92492
572.834808,202,195.186284
557.556427,207,195.46747
548.383147,211,195.766419
601.915609,222,196.059832
578.26367,196,196.325394
746.457945,264,196.68954
513.230304,202,197.057976
618.392853,219,197.359897
584.099337,195,197.62546
511.975864,187,197.888921
794.098155,265,198.248212
494.684614,171,198.482533
511.984439,179,198.741829
591.437933,206,199.01653
598.021612,206,199.297714
578.002959,197,199.563277
775.575121,245,200.003664
487.721222,170,200.242096
533.39286,201,200.507653
534.005492,190,200.777592
842.24492,282,201.151296
735.243932,244,201.479346
578.714051,195,201.753692
551.930047,193,202.01375
584.02201,213,202.294934
507.23545,185,202.544909
534.427536,188,202.914023
572.924593,205,203.184285
516.586176,187,203.449849
604.371844,229,203.770827
748.588219,235,204.088755
503.022058,190,204.354319
620.290935,223,204.662826
610.273235,212,204.966525
633.063491,214,205.263331
587.018863,200,205.528893
633.336818,207,205.931836
539.403072,193,206.188969
674.432373,227,206.485775
755.630513,247,206.845908
763.884822,238,207.160568
211.610203,113,207.316782
273.237328,122,207.48862
624.126861,211,207.780813
673.441999,221,208.073434
637.405739,206,208.354622
583.306601,205,208.744909
711.349019,241,209.076519
574.633188,198,209.342049
400.220202,155,209.545127
674.876174,222,209.858734
775.719895,270,210.216602
668.937628,221,210.513408
670.046868,215,210.815798
562.289547,200,211.07325
554.0676,195,211.338846
589.151681,212,211.741808
498.775851,170,211.966698
523.788351,184,212.216642
559.51989,216,212.497792
680.74442,235,212.837223
436.947958,165,213.047446
649.72777,214,213.344253
538.711061,192,213.609816
625.844645,214,213.906804
625.94854,202,214.176189
604.048646,207,214.555722
568.045084,187,214.825662
214.874423,99,214.964064
610.184812,204,215.229627
700.180547,218,215.526433
528.640067,184,215.782166
572.573593,202,216.06335
445.79926,177,216.297671
709.087192,236,216.625719
635.264241,207,216.918068
608.342839,200,217.27848
659.045639,203,217.564365
685.325315,227,217.884268
584.928905,202,218.156694
574.350043,206,218.422256
514.831439,182,218.6833
770.396444,260,219.029588
762.412853,253,219.373259
721.628869,235,219.69696
708.105855,230,220.001026
552.57485,194,220.39641
619.925417,197,220.675673
518.649864,181,220.927001
706.911458,236,221.25453
619.687402,198,221.566957
697.452988,234,221.894795
849.847531,267,222.245563
469.397235,163,222.464261
568.389761,192,222.741152
630.897357,209,223.0142
621.187915,204,223.408582
581.054024,201,223.682205
663.738401,219,223.981215
531.89519,182,224.231157
712.655329,227,224.527963
574.3045,194,224.803329
710.001733,225,225.104977
604.623318,203,225.370537
637.856059,211,225.668534
628.221323,202,226.045337
744.523395,249,226.379482
534.203606,185,226.629461
538.934926,181,226.892003
623.280669,206,227.156759
544.425831,201,227.437945
823.733483,269,227.809115
544.529369,194,228.066952
596.568475,205,228.348137
596.855376,215,228.647287
589.753312,200,229.011071
605.677194,209,229.297538
351.621533,135,229.484994
454.830292,158,229.698461
633.057093,213,229.989648
558.317849,201,230.248703
535.789849,180,230.498645
568.353734,190,230.757344
603.013279,212,231.044097
570.483978,214,231.325281
533.76287,178,231.559601
565.381638,189,231.917248
594.117348,214,232.203387
464.440463,163,232.422083
695.358923,219,232.732001
555.433573,185,232.982487
703.470139,243,233.294882
577.655017,187,233.544855
553.455733,193,233.821395
617.304906,206,234.094479
626.195662,206,234.360041
625.402201,213,234.768547
513.497096,185,235.019313
235.911098,111,235.175526
615.090458,207,235.45671
557.765141,196,235.728312
637.716101,227,236.026929
853.100949,273,236.401842
601.657826,205,236.688379
787.71523,251,237.029894
726.302062,240,237.357942
619.686952,204,237.749307
616.700585,205,238.023644
601.417577,203,238.289244
559.682698,185,238.539148
544.691055,187,238.795913
514.825506,184,239.045871
704.730496,233,239.358266
565.280676,184,239.608243
532.115865,192,239.884247
620.095149,206,240.153979
608.267587,197,240.528891
592.737204,214,240.823547
597.055609,201,241.094648
571.781543,215,241.375834
591.919261,206,241.66418
580.147036,206,241.947391
633.53985,201,242.207211
676.036574,228,242.519606
684.587694,230,242.84053
630.109642,205,243.105588
586.574201,193,243.464879
691.013792,234,243.796905
593.986814,189,244.045343
667.303238,223,244.34215
260.983654,116,244.498362
604.197851,195,244.755328
553.995322,184,245.005271
616.980706,204,245.286456
627.729995,202,245.55202
501.243055,169,245.78684
542.037608,186,246.032025
572.754232,200,246.411101
620.485663,194,246.674801
608.655998,207,246.950894
680.454983,224,247.247703
502.605248,180,247.497644
603.60267,196,247.77224
504.026011,175,248.001455
529.335542,178,248.251396
541.900468,185,248.501338
588.602404,201,248.777029
377.111123,139,249.066732
757.568279,240,249.385351
620.71711,203,249.673624
612.118393,201,249.942008
580.177771,191,250.207606
529.809668,180,250.441925
633.912928,201,250.723175
598.577,212,251.014194
815.861665,252,251.342241
644.923694,221,251.653415
484.261287,168,252.043818
622.191428,206,252.345693
532.28328,176,252.580009
627.340269,217,252.885265
588.955637,201,253.156707
549.157711,182,253.437856
626.293342,204,253.732122
547.269006,181,253.966983
610.6849,197,254.232545
556.94264,184,254.482488
461.132667,159,254.705891
576.054575,193,255.063359
600.351339,193,255.332802
623.537778,199,255.59836
533.259436,175,255.839102
641.615471,203,256.113856
521.127288,179,256.348174
639.881459,214,256.629356
635.321973,200,256.91619
639.53014,212,257.192183
737.279524,231,257.504612
579.812891,185,257.872114
581.608682,183,258.113419
785.471768,252,258.44146
751.528546,235,258.772707
587.987346,200,259.044499
596.71445,209,259.310062
595.426683,211,259.606865
611.925649,211,259.886202
472.280919,159,260.104897
679.07303,218,260.386082
576.785714,193,260.763213
537.752819,185,261.018544
545.043176,183,261.252865
813.580154,266,261.612156
572.424702,180,261.872162
390.687611,146,262.064116
244.631102,114,262.220362
715.124357,243,262.548377
597.773061,195,262.829492
598.230812,191,263.081985
714.816343,226,263.378795
596.481037,204,263.778336
777.090735,240,264.105183
685.838554,226,264.402023
778.87698,268,264.775375
620.393309,195,265.030159
558.353915,177,265.280102
599.881059,197,265.545664
577.102147,191,265.809474
363.794189,137,265.981969
651.745302,216,266.278772
591.61502,196,266.63803
573.013834,187,266.901124
514.872126,172,267.135443
728.967226,227,267.447871
447.487666,156,267.668676
494.338066,166,267.889228
617.774685,203,268.170414
528.350123,177,268.404768
753.56417,267,268.770169
577.926015,199,269.032654
500.393216,179,269.376321
639.239518,201,269.657993
535.888474,182,269.908324
595.292599,215,270.191366
547.364674,188,270.441308
713.23922,232,270.767522
623.791059,207,271.041927
644.08361,205,271.323115
519.10313,176,271.557432
573.900466,195,271.829379
744.123947,244,272.264729
612.718564,223,272.582156
622.363963,206,272.870554
695.903044,244,273.20083
557.483312,194,273.466391
617.859786,198,273.742635
591.349017,197,274.010463
724.681136,237,274.322925
545.226113,190,274.588487
759.876531,256,274.93515
747.954596,237,275.356933
642.938538,207,275.627385
662.541943,210,275.928802
568.759426,197,276.188891
641.552604,200,276.454453
535.698982,187,276.720169
514.309708,181,276.968472
338.739975,138,277.144844
569.658999,187,277.394785
540.937104,187,277.659135
783.638289,246,278.089088
630.675147,200,278.360045
824.940967,252,278.704452
768.949817,240,279.030131
675.690486,222,279.326932
562.53195,190,279.576874
614.336477,210,279.869239
621.344781,201,280.137996
623.981028,212,280.419182
733.889676,229,280.731548
777.270597,260,281.172608
482.155434,167,281.406928
594.064369,199,281.679619
654.648084,220,281.96636
758.796726,245,282.294412
689.548721,232,282.606838
489.075348,162,282.840906
815.674874,268,283.188746
619.917461,199,283.45431
706.508256,235,283.888544
858.763862,264,284.24051
638.443297,224,284.537314
798.401096,266,284.912337
549.729354,200,285.182681
624.201173,206,285.448208
626.827635,208,285.742823
453.710811,158,285.960276
552.465642,191,286.216994
614.397081,203,286.482555
590.902544,201,286.866961
619.991981,212,287.153691
485.007588,166,287.372356
571.652763,197,287.637953
734.533929,241,287.963531
684.753544,222,288.260337
724.076624,238,288.588386
665.914061,213,288.920349
649.412572,225,289.232742
565.393297,190,289.592067
541.599534,184,289.851786
714.356346,231,290.157463
649.278221,215,290.438647
630.538283,206,290.731869
730.273039,235,291.05082
705.653885,226,291.347628
788.61546,241,291.684786
838.920713,270,292.042908
624.550719,214,292.339717
627.310462,208,292.780511
913.143282,284,293.155241
815.207974,262,293.514499
751.017523,259,293.942094
745.149773,248,294.263046
599.943419,211,294.559853
720.291979,224,294.855067
640.423577,206,295.13624
612.052224,200,295.511119
568.562001,197,295.793025
612.329661,201,296.060714
838.510575,270,296.435626
728.774704,243,296.771724
499.393712,168,297.000883
580.111553,194,297.266446
534.959882,189,297.516387
650.196425,214,297.822259
864.225573,281,298.191003
613.424315,217,298.60158
684.929597,228,298.918439
736.75981,239,299.229647
665.138782,218,299.526453
596.455759,200,299.808775
735.884251,235,300.123339
852.467404,272,300.482629
797.880356,273,300.863753
801.845151,255,301.30929
682.592937,228,301.610945
725.820311,238,301.953961
665.4941,231,302.265851
859.939452,261,302.60952
643.867471,205,302.904215
621.928567,208,303.185399
787.406337,246,303.513448
898.635915,271,303.899087
732.135458,239,304.314058
656.963467,211,304.600234
767.767148,234,304.935692
805.076706,252,305.269928
804.833326,270,305.62922
921.96122,299,306.042218
706.933563,224,306.339024
691.388098,221,306.65013
717.752199,225,306.959338
858.172189,258,307.404276
738.201395,252,307.750645
747.570131,231,308.054315
603.287145,204,308.335466
672.741899,215,308.616684
768.332797,240,308.952774
621.476001,209,309.233957
768.314395,235,309.546352
642.17588,207,309.935845
1026.104512,340,310.393596
738.113767,231,310.708919
727.530679,234,311.016608
622.261363,205,311.29776
654.42726,218,311.5946
794.835147,246,311.934127
516.358177,173,312.16003
738.118371,245,312.488083
729.924862,223,312.906934
683.824343,220,313.203739
782.774018,244,313.531787
548.378093,188,313.802014
729.384911,229,314.107907
548.999882,181,314.357849
661.010144,208,314.645376
609.22573,205,314.930614
714.647024,231,315.231216
712.116444,228,315.543643
927.043811,288,316.046774
769.926254,248,316.374808
762.671441,245,316.718582
733.103261,230,317.028948
786.916171,250,317.356997
854.250579,277,317.746217
595.136576,194,318.001371
844.058338,256,318.345007
626.786163,204,318.740077
768.948608,264,319.097942
396.221727,150,319.30102
643.957669,206,319.566582
666.745138,225,319.884463
705.059236,229,320.182712
724.908329,220,320.479521
719.264045,229,320.793714
794.622031,255,321.123379
845.386109,273,321.607605
785.166327,254,321.957422
611.506221,201,322.215457
898.181813,274,322.59037
822.652416,271,322.963665
754.409901,233,323.276092
112.085969,62,323.354198
630.408377,208,323.649787
105.295022,59,323.730571
569.7181,190,323.997644
815.190941,254,324.435076
811.284905,247,324.78729
630.306703,211,325.079698
915.866067,283,325.45461
431.565226,158,325.682779
794.06207,244,326.019403
651.338525,208,326.284967
678.03663,227,326.597392
744.016826,243,326.946781
886.766403,290,327.433187
546.60409,185,327.689468
626.954559,205,327.968722
850.539913,255,328.295533
488.741482,168,328.529885
725.306321,223,328.838177
714.752772,231,329.137848
655.717078,212,329.419033
64.01022,39,329.481519
636.246698,205,329.763807
690.908958,218,330.151284
644.16505,210,330.436495
67.168434,41,330.498981
637.187257,201,330.776732
639.405414,203,331.044824
651.998984,208,331.326009
472.281985,169,331.544706
840.456266,265,331.922559
625.466574,211,332.204267
589.786176,192,332.45421
58.769826,36,332.501073
630.74778,201,332.786647
767.497521,229,333.191301
730.678652,225,333.50742
508.132799,179,333.757521
844.642552,258,334.105316
638.05554,201,334.370879
670.349381,204,334.653826
779.948317,257,334.998975
726.594024,229,335.311438
1007.432776,316,335.737918
64.684989,40,335.784814
573.42592,182,336.150853
606.012443,198,336.416415
694.544548,227,336.722303
616.141338,207,336.992278
698.146947,225,337.304704
756.649702,236,337.617132
652.023917,209,337.904338
582.21219,185,338.15428
432.470748,154,338.357355
640.738923,205,338.622919
54.208921,33,338.788565
855.480891,263,339.131712
637.59126,208,339.412929
801.211719,246,339.760339
598.262243,205,340.035735
604.999655,192,340.285677
708.13047,220,340.58245
705.371915,223,340.896651
492.8281,166,341.120521
607.682394,196,341.370463
625.068051,202,341.765361
737.509074,227,342.061319
231.616374,101,342.201946
660.466404,215,342.49875
586.826019,189,342.76043
597.509212,195,343.012949
784.512673,239,343.340998
798.757488,245,343.677559
637.093828,195,343.933016
774.300793,243,344.261063
560.835448,188,344.620354
677.337595,216,344.920352
1286.509438,387,345.435856
633.903627,199,345.716279
591.8512,195,345.97012
731.121384,234,346.298171
592.52981,195,346.548109
716.742797,226,346.869931
703.534051,217,347.160643
874.999795,277,347.640869
651.598055,210,347.929065
737.373631,236,348.238958
684.710056,222,348.535761
665.966714,216,348.844053
588.048663,204,349.108113
694.086248,216,349.40492
666.949376,214,349.703564
619.45207,207,349.981687
657.402354,212,350.372221
580.944149,190,350.625894
858.297157,277,351.010452
856.634745,270,351.369777
523.398987,174,351.604095
797.060392,257,351.964407
899.582522,267,352.323664
713.905062,229,352.620501
597.76893,189,352.891009
636.354379,202,353.267135
712.943424,221,353.554483
864.282493,268,353.940221
606.311153,195,354.191314
662.560359,214,354.488087
748.747161,235,354.814313
596.165542,194,355.074025
834.087368,260,355.417662
817.97506,252,355.770452
839.835407,273,356.233416
863.157835,275,356.614443
653.195328,208,356.901354
740.901063,231,357.200695
620.989749,196,357.466262
606.697969,200,357.747199
728.333224,243,358.073415
741.963124,228,358.370221
1080.497511,337,358.83668
1059.825733,329,359.378689
603.623335,194,359.644606
1293.782465,411,360.18891
1023.184455,315,360.610684
572.388252,189,360.884729
649.916931,208,361.160502
623.05064,207,361.441686
637.576755,205,361.826762
634.694136,212,362.109501
698.394792,224,362.421927
661.150082,207,362.702782
823.439986,254,363.044956
605.042093,196,363.310519
697.173671,214,363.591703
808.628958,250,363.948341
729.639049,226,364.24771
620.397564,202,364.513272
1064.41955,343,365.12612
786.265747,244,365.454168
1020.786701,308,365.888521
774.697542,239,366.247846
961.680005,298,366.654002
642.269405,212,366.950774
822.413254,248,367.278855
599.409609,190,367.528796
697.33355,220,367.950732
797.129102,253,368.286561
852.126395,269,368.655205
702.826576,218,368.948539
690.762557,219,369.245347
764.283739,244,369.573395
696.554285,223,369.886639
640.29216,202,370.15468
647.448595,208,370.435864
607.287699,194,370.804861
832.823164,260,371.148531
815.764177,243,371.47658
617.503295,204,371.748895
632.485995,207,372.030082
821.981302,269,372.389373
868.476496,283,372.787323
966.026477,302,373.184968
649.223757,213,373.606745
791.145647,240,373.938188
649.985477,206,374.219375
858.988816,264,374.578665
613.12894,196,374.846941
702.589225,224,375.144901
71.390015,44,375.207386
637.47966,199,375.472949
636.291822,203,375.749892
654.167066,214,376.02657
858.427039,269,376.49521
755.699372,245,376.838585
753.679165,233,377.138852
882.126378,292,377.545007
635.749453,207,377.826711
634.537775,207,378.107064
643.702971,203,378.372627
771.260282,247,378.709852
746.517292,227,379.010454
779.396174,237,379.438539
904.729512,292,379.842438
991.491362,307,380.247718
827.118971,260,380.60701
661.598606,213,380.903922
642.24104,207,381.172267
634.565285,199,381.437829
606.748183,199,381.722112
853.548963,268,382.19159
685.280976,210,382.463409
825.605617,251,382.821148
620.00165,204,383.09816
913.747875,290,383.488693
830.6777,263,383.852764
526.718083,173,384.076584
869.422,270,384.451497
834.932317,266,384.814888
678.949153,215,385.205752
852.180264,265,385.565043
963.580969,294,385.972811
687.240068,218,386.265761
1094.411846,331,386.712853
921.152981,286,387.107213
702.324355,216,387.388397
625.677958,196,387.660249
836.065874,266,388.116794
681.268626,223,388.429221
942.818391,299,388.839202
977.847252,314,389.253501
766.520582,233,389.581549
838.986689,258,389.936633
1171.711609,366,390.417358
1011.384369,323,390.97658
842.067997,263,391.326728
852.540886,257,391.671461
70.144589,43,391.730269
636.642925,207,392.012778
812.548448,255,392.340826
699.65231,225,392.654504
731.812154,224,392.948504
800.554141,252,393.292172
794.448771,243,393.735012
744.839406,235,394.044931
802.011945,245,394.388601
784.250654,241,394.716713
1136.751636,345,395.188177
808.646472,248,395.516225
978.802214,304,395.940757
856.942304,276,396.301168
663.567471,209,396.697074
807.305736,248,397.026618
879.32655,264,397.385908
857.048793,258,397.736924
642.659387,209,398.060812
741.833637,233,398.373239
745.809776,235,398.68804
678.620733,216,398.982023
1066.994917,325,399.528769
810.383626,250,399.880293
994.87235,308,400.297343
1190.500513,367,400.79601
784.637114,245,401.123259
626.007053,213,401.404439
1073.850032,326,401.856521
842.87423,266,402.313394
862.921686,270,402.692316
697.644241,217,402.98866
920.065553,292,403.379194
679.078447,213,403.681053
817.795498,245,404.011009
638.567908,204,404.292193
953.319593,299,404.704021
775.197708,240,405.029703
632.80299,195,405.404616
903.239783,277,405.787096
901.284753,279,406.153323
617.015456,199,406.434505
1217.161453,378,406.948002
925.395033,298,407.338536
644.125147,207,407.619721
892.58347,281,408.014273
821.391264,260,408.473805
851.608079,254,408.823597
804.42385,245,409.141506
850.441073,269,409.516419
934.522458,302,409.933973
702.78804,220,410.222281
741.489789,230,410.534709
626.192571,211,410.831955
1160.775565,357,411.407427
816.904965,263,411.776765
609.812105,197,412.045156
925.932817,291,412.43569
989.685866,310,412.861532
832.890644,264,413.216313
633.178603,205,413.481876
883.152984,271,413.964136
791.535241,255,414.297655
853.095308,266,414.670646
1375.290956,419,415.231848
905.078589,275,415.60676
791.136132,252,415.981671
866.015596,271,416.356585
890.952754,274,416.836642
931.832,298,417.243124
816.63326,258,417.586795
869.004092,279,417.963902
607.514882,198,418.229464
900.651958,283,418.620032
870.71047,267,418.994106
947.183185,296,419.388767
861.101759,260,419.852467
1219.257551,382,420.356834
715.632349,230,420.680782
884.717271,292,421.072796
813.261729,259,421.416466
748.843198,242,421.758183
784.856334,245,422.076402
640.596915,203,422.357586
835.857224,258,422.819673
1190.216315,371,423.31339
1186.461252,384,423.846258
943.162161,285,424.222314
1167.561104,369,424.731259
750.288731,229,425.042507
818.301974,249,425.479905
890.702917,277,425.862924
719.240436,225,426.170498
861.949657,270,426.529789
734.300343,223,426.840054
672.429536,210,427.12205
597.708479,192,427.37199
799.564435,251,427.723201
648.487073,205,427.99542
800.49126,254,428.432818
1009.926661,318,428.870327
1049.171619,331,429.323347
855.020268,266,429.690076
677.14887,215,429.973739
1103.476282,350,430.458001
751.91722,228,430.770521
751.550789,229,431.081805
654.392968,209,431.46046
1082.630159,328,431.920992
1343.353674,433,432.495781
866.991017,263,432.866234
1035.835417,326,433.295851
1074.981106,341,433.768588
661.100872,212,434.153662
999.937014,314,434.580318
1596.505531,495,435.250643
1370.178676,411,435.818065
1336.045745,420,436.373258
852.784284,267,436.742913
1269.839383,393,437.411027
1084.618373,342,437.877072
1492.014325,478,438.582532
820.535662,265,438.942395
1133.364117,352,439.411072
823.286225,254,439.770591
1650.511296,529,440.581243
947.342428,290,440.982189
897.89366,284,441.3571
1518.531812,476,442.011145
1739.444441,559,442.8728
1270.063799,401,443.409656
1381.663709,438,444.01682
467.555135,164,444.25114
885.406906,274,444.610431
634.685133,200,444.908341
529.822311,176,445.144455
881.366298,278,445.519367
634.936953,203,445.916039
1734.639492,563,446.680967
868.850606,278,447.060706
890.481177,269,447.435618
872.083745,269,447.804851
1105.569186,347,448.263343
2357.227338,755,449.391348
847.846002,256,449.751431
1183.786208,354,450.216244
2959.967522,1000,451.683045
1285.485359,419,452.253921
636.409352,213,452.535105
702.91024,218,452.845318
1053.326243,329,453.277206
1840.230869,575,454.076509
1870.836042,579,454.965683
837.116819,265,455.325008
613.609878,200,455.590569
1219.620351,392,456.130708
1363.624524,434,456.71939
2976.179352,1000,458.205482
1699.183943,527,458.92405
630.550779,205,459.205232
1729.68059,574,459.97963
756.608654,230,460.401371
2963.018721,1000,461.76676
838.946566,256,462.101243
610.257901,199,462.382427
1519.494394,485,463.041537
925.790587,280,463.514467
621.439992,203,463.802438
883.749667,307,464.216433
665.731672,206,464.481963
1705.908764,533,465.204021
620.733462,200,465.469552
810.842238,248,465.818325
616.04122,206,466.191028
1980.061911,612,467.020254
1814.469999,550,467.774292
1980.474818,620,468.623665
1772.826561,547,469.472232
864.29092,259,469.831928
1038.512249,328,470.26549
1786.49464,584,471.060341
2297.903982,725,472.14683
3014.792594,1000,473.503824
1994.499976,667,474.417729
1348.515898,448,475.123931
2953.157873,1000,476.481578
3032.726454,1000,477.935648
2987.362736,1000,479.297761
3035.020578,1000,480.762234
2220.163556,734,481.756616
2997.825831,1000,483.106791
2992.561884,1000,484.572818
2764.510368,855,485.750061
657.963068,203,486.016844
1371.496389,427,486.713851
2996.71744,1000,488.073961
850.61018,259,488.417631
1586.896525,528,489.248833
1355.027967,424,489.830041
766.617378,242,490.153252
964.998341,317,490.575027
1180.427486,389,491.104033
748.632225,232,491.432082
1052.530766,340,491.889004
1167.50682,361,492.487333
2452.831754,777,493.531948
1677.722999,512,494.238141
2785.065479,856,495.500402
1359.198905,433,496.092302
1159.055684,366,496.592185
1158.802938,364,497.090745
1343.429474,420,497.658295
631.059673,205,498.045814
865.718347,262,498.405105
1186.031682,372,498.904015
1100.683012,342,499.372656
667.753761,212,499.670518
1306.412391,407,500.220127
862.741815,265,500.579417
829.167715,248,501.035007
2423.612611,791,502.089443
2500.374788,781,503.155035
839.068675,257,503.592431
1518.161,470,504.247148
3122.753546,981,505.557683
1031.199585,323,506.013584
1035.923219,326,506.54471
2086.203077,653,507.438084
626.168557,193,507.713531
922.119776,285,508.097324
651.107064,209,508.378512
546.111237,180,508.628464
3132.950485,1000,510.123758
3128.914803,987,511.528433
3226.986889,1000,512.98267
72.436015,44,513.045153
65.060916,40,513.091984
1306.192008,410,513.656049
993.060997,302,514.063426
1641.069778,503,514.747714
1401.594017,434,515.429609
1548.921131,481,516.089033
52.135728,32,516.135895
1349.602698,410,516.690068
1074.931672,335,517.13898
1352.176098,421,517.714069
1142.059994,347,518.300392
348.042239,141,518.48785
3061.935258,1000,519.861464
3077.294982,1000,521.31786
2394.411064,744,522.316557
3080.264937,1000,523.68197
1884.642141,581,524.565869
55.696187,34,524.61273
695.793258,218,524.91364
2466.707285,754,525.917495
2177.571023,670,526.920241
3108.343082,1000,528.266262
62.922706,39,528.328714
2773.984252,864,529.598122
1482.840073,471,530.22991
60.145172,37,530.292395
3032.108045,1000,531.640503
2122.560566,662,532.621876
1742.754612,548,533.370128
3067.014095,1000,534.727115
2444.105565,752,535.850951
3179.568237,1000,537.192036
787.888429,246,537.520085
622.608508,207,537.814944
59.646809,37,537.866808
741.366819,233,538.279752
2144.012751,685,539.199955
2507.921924,766,540.244641
839.411522,257,540.588311
1986.132433,605,541.504046
888.739942,275,541.892362
1745.305546,544,542.6101
1514.584903,479,543.269243
1061.154352,328,543.716335
641.785497,204,544.089536
981.633383,305,544.49981
1699.938439,524,545.201984
2043.080025,626,546.04416
825.677943,250,546.387828
934.089037,284,546.870452
792.329407,242,547.202593
941.785972,288,547.593126
1396.043471,425,548.169993
1279.388553,392,548.70285
653.484733,208,548.985257
1301.715647,398,549.516388
2050.418972,611,550.441056
3068.845719,928,551.82916
1326.977336,406,552.389344
853.070772,257,552.865031
1296.039113,391,553.387652
3041.432693,939,554.68608
1424.11747,433,555.279211
1198.34259,371,555.894184
815.279583,253,556.235018
1214.029259,367,556.737301
66.505302,41,556.797141
1518.978058,460,557.410538
60.196211,37,557.473024
661.856819,212,557.764873
1034.381651,317,558.182819
1752.263798,528,559.014134
55.574037,34,559.060998
2276.679155,697,560.012506
1963.721699,597,560.820704
865.943659,258,561.166875
801.992932,240,561.588621
1450.622835,450,562.200684
1843.968408,566,562.969975
2041.977373,626,563.840553
1209.553385,361,564.425713
517.776002,171,564.6687
1175.04188,361,565.167747
630.238468,195,565.433311
2090.780443,623,566.280101
1575.805005,491,566.953901
2013.168693,621,567.899479
2590.859209,802,568.98285
1431.564521,428,569.560836
2367.359875,715,570.63051
54.84128,34,570.685448
3161.121889,1000,572.026788
3142.823993,1000,573.488047
2430.075483,731,574.481582
1495.037936,468,575.104379
2436.554413,742,576.214823
2510.478828,749,577.223433
1313.639832,409,577.785194
2045.969676,612,578.598078
2281.107832,705,579.670455
1359.266317,410,580.217433
3023.404376,1000,581.722186
2628.605013,831,582.888562
3088.088646,1000,584.25057
1478.217458,444,584.957933
339.61407,135,585.128623
1404.269559,445,585.741304
3097.896747,1000,587.076859
2108.739619,650,588.059761
2262.291393,718,589.041861
2349.057789,723,590.013343
1204.800378,367,590.610653
963.482915,298,591.016797
1166.345457,349,591.48544
3229.455574,970,592.812587
962.622075,304,593.323236
1429.260471,449,593.9404
1078.409672,333,594.388841
1701.479487,525,595.091431
849.821054,256,595.435105
60.472763,37,595.481965
2387.437322,714,596.562032
914.20084,280,596.951512
3006.714602,920,598.188527
1951.614196,603,599.097597
2053.606538,634,599.964222
1158.655474,360,600.448487
3268.070427,1000,601.91057
1163.280066,337,602.360854
2165.057464,647,603.234416
2008.034461,626,604.091575
2041.424692,599,605.000777
940.644596,282,605.37569
1347.834273,412,605.946778
1496.844193,441,606.535594
1535.045586,454,607.151664
3177.176344,1000,608.623284
3255.474349,993,609.979324
1433.617564,450,610.697649
2715.515474,828,611.814042
2516.269288,759,612.835749
1358.929348,432,613.52504
2585.192188,791,614.598318
1253.934296,379,615.108119
2159.505542,646,615.997041
3063.585683,919,617.33834
1229.8236,360,617.823578
3191.005536,1000,619.286096
1929.345581,589,620.097394
2744.068298,810,621.198771
1507.792756,451,621.8162
47.64763,29,621.85709
3280.1502,1000,623.309565
2193.194509,669,624.229071
2077.295155,641,625.190707
960.213457,289,625.581272
924.887671,275,625.954181
1770.456732,535,626.689716
1826.524287,530,627.409879
1879.389447,570,628.276544
1933.062818,576,629.060961
711.352742,219,629.357733
1527.549063,449,629.965601
1773.906458,523,630.779769
1754.593233,520,631.479339
3159.323008,1000,632.846006
2830.648242,879,634.144765
2429.353298,721,635.120157
1806.682242,538,635.851619
1021.180288,313,636.263886
1474.659163,440,636.966222
2686.662209,808,638.057815
2441.669324,729,639.044936
3236.898378,1000,640.500928
3223.833951,1000,641.885089
544.438743,214,642.277078
2876.318959,828,643.404324
1567.614585,466,644.023204
2891.727417,855,645.295226
1566.589376,478,645.93565
855.582736,251,646.263697
1874.453584,551,647.017007
1652.705818,494,647.682121
1220.2774,369,648.274606
1413.056679,412,648.845673
889.016364,266,649.198437
910.712858,267,649.557743
2871.792352,835,650.797785
974.226116,291,651.188413
1568.066774,462,651.816348
1557.583864,466,652.432061
1395.206125,426,653.011054
2048.681427,609,653.985584
3224.420012,1000,655.410162
1417.302065,416,655.979427
1818.460361,542,656.836321
3232.30718,1000,658.184906
1771.790122,536,658.917508
2628.018985,796,660.092055
2061.330908,623,660.938559
1648.93707,510,661.625932
1095.396785,329,662.066312
3243.115407,979,663.511328
3275.292036,1000,664.879292
2771.025191,835,666.109573
3291.319116,1000,667.450926
1900.137757,557,668.314049
2395.501283,716,669.301018
3337.945903,1000,670.656977
3256.461824,1000,672.107035
956.324109,287,672.497571
1503.324148,448,673.104011
2008.010846,624,674.060879
1763.433687,523,674.770159
3212.47187,1000,676.113598
390.426132,153,676.316677
3228.230383,1000,677.780607
2228.336668,682,678.702821
3292.932455,1000,680.157216
1738.024979,528,680.875239
3273.374073,1000,682.216213
3158.364959,1000,683.676001
1490.508575,443,684.276466
1638.043328,485,684.95038
1238.621992,365,685.545106
3180.829807,967,686.854362
3265.891457,1000,688.216305
1556.920467,459,688.953698
1530.523942,465,689.578552
2781.770335,816,690.705952
1154.40852,347,691.27645
1710.392589,530,691.998739
1527.859482,453,692.623627
2427.204723,719,693.590829
1664.126136,496,694.375539
2964.091754,873,695.56064
1274.372273,383,696.072017
1689.907535,501,696.760561
2470.162825,737,697.862919
2734.526282,796,698.940691
1873.003121,549,699.680367
2148.94868,629,700.644361
1599.982139,469,701.28105
1270.134936,374,701.802344
2052.05832,609,702.622449
1210.627588,359,703.208846
1466.100616,433,703.808233
2598.344016,775,704.852906
2371.893025,693,705.894135
1648.561325,484,706.531089
1385.041328,407,707.09116
2743.781139,808,708.183074
1236.11458,376,708.798963
1573.414075,464,709.420075
2388.032442,693,710.360339
3315.386082,1000,711.825006
3250.446403,1000,713.170447
1784.654953,519,713.868951
2395.261461,707,714.931292
3289.103771,1000,716.279549
3253.276055,1000,717.749816
1811.914637,534,718.472621
2116.317667,621,719.307426
3245.112855,1000,720.782705
1149.016236,332,721.231895
3348.837153,1000,722.588844
2133.898641,618,723.533928
3264.530289,1000,724.895753
3264.323633,1000,726.376351
3379.318936,1000,727.809917
3310.123861,1000,729.266516
3303.154039,1000,730.622481
3347.136666,1000,732.082433
2049.774978,598,732.896634
3099.289023,898,734.092163
1769.806442,521,734.912595
1462.186717,427,735.481149
1489.286304,437,736.073185
1573.994994,459,736.696809
1241.234131,372,737.200936
3289.651381,1000,738.652428
3341.79767,1000,740.010926
3301.093873,1000,741.482966
2035.172338,588,742.278258
2186.217085,641,743.323413
2221.136064,655,744.216842
2045.440923,592,745.032203
1695.604547,502,745.707674
906.152483,272,746.175575
1635.065427,482,746.853204
1463.830215,426,747.432339
3378.644184,1000,748.804526
1578.981788,461,749.534491
3410.71188,1000,750.88913
3186.810853,915,752.240593
1165.121937,339,752.69798
3324.028706,1000,754.057471
2379.468238,681,755.081535
2718.640394,791,756.153229
3456.411963,1000,757.494617
3426.433514,1000,758.969803
3488.44412,1000,760.331797
3382.784206,1000,761.813217
2500.918897,723,762.793423
965.632846,287,763.169155
1819.363841,527,763.995531
2533.082823,754,765.013859
3388.840681,1000,766.469627
1928.287715,559,767.222307
3332.769031,1000,768.573532
1991.280093,569,769.451628
1466.681248,416,770.01299
1957.454562,554,770.773032
3155.910706,908,771.982471
3408.805989,1000,773.438084
3072.734596,880,774.629353
3213.404014,928,775.998695
3358.22167,1000,777.340998
1044.24303,304,777.767378
2433.531918,697,778.828681
1467.479827,426,779.404141
1975.019979,567,780.172431
1642.614198,486,780.949644
3444.377253,1000,782.301707
3395.583817,1000,783.785407
1268.293446,361,784.262886
1424.300943,410,784.827773
1401.000947,407,785.370067
1406.965707,397,785.904737
1148.485746,326,786.342136
3342.41667,1000,787.813645
2583.818794,763,788.843318
3408.36325,1000,790.295835
3377.469663,1000,791.654752
3401.790666,1000,793.107358
3311.53365,1000,794.469232
2716.604163,775,795.618321
2103.469336,603,796.448363
1624.961507,470,797.092127
3455.079181,1000,798.581215
2608.411669,747,799.697561
3414.232357,1000,801.173153
1085.949436,314,801.598886
2554.785371,729,802.597615
2409.54671,679,803.526071
3419.951648,1000,805.043928
1875.583204,540,805.808427
1895.468373,546,806.541444
2937.441447,839,807.819632
2778.370174,793,808.893229
2585.633522,740,809.995862
1833.859909,531,810.718807
1710.806743,485,811.373116
3445.56561,1000,812.838332
2916.884271,831,813.966636
1280.177228,380,814.482141
3349.160059,1000,815.937794
3347.250302,1000,817.292092
1533.095443,445,817.895838
3428.803977,1000,819.340785
1680.305135,482,819.995327
3452.313043,1000,821.450944
1546.665901,440,822.047447
3369.374394,956,823.347979
2171.424527,631,824.30775
3463.624071,985,825.648091
2880.99839,803,826.733734
2306.566318,663,827.73842
1620.244528,456,828.357819
2500.243974,725,829.329445
1474.283716,416,829.907674
3003.99597,849,831.176543
1452.11559,408,831.737317
3430.646584,1000,833.204361
2856.60501,809,834.291749
2335.669651,652,835.167572
3441.467825,1000,836.615539
881.54597,255,836.97929
1474.485316,424,837.535195
609.098936,194,837.81344
1279.184907,362,838.291846
1014.512491,291,838.801819
3445.62021,1000,840.148369
3314.634308,930,841.39902
3068.934438,860,842.669279
3432.618067,1000,844.019656
3582.646207,994,845.464705
624.487899,196,845.729804
3476.392582,1000,847.060042
2513.164533,712,848.125151
1278.80908,378,848.62504
2325.210341,652,849.497905
1373.698668,399,850.032077
2711.680736,771,851.175489
819.079745,241,851.503541
2607.793793,748,852.511285
3509.10992,1000,853.964375
1771.469801,496,854.622627
1316.31042,364,855.104919
1492.951405,427,855.691269
3440.41181,1000,857.141568
1012.886874,298,857.547721
1420.924687,397,858.08186
1942.985927,541,858.926275
2986.324071,836,860.045406
1522.691777,434,860.643518
3089.593439,866,861.917145
3490.576931,1000,863.263572
1457.901111,416,863.822378
2936.932657,828,865.051293
3479.425809,1000,866.417204
3476.077324,1000,867.895401
1798.321272,505,868.560003
3444.80864,1000,869.920029
3435.851782,1000,871.438287
3445.624649,1000,872.856287
3554.177318,1000,874.311483
3212.071181,898,875.528615
3415.516777,1000,876.981908
3439.502606,1000,878.329305
3576.00205,1000,879.790773
2399.073901,665,880.678368
1667.611692,467,881.295412
3414.989142,1000,882.745584
1475.023473,415,883.30795
1468.687569,426,883.888885
2466.103478,691,884.938454
3281.994091,931,886.191141
3004.861103,837,887.323689
1637.794821,457,888.045744
1671.590725,473,888.691692
3584.698389,1000,890.042482
2716.629029,763,891.170167
1980.547795,549,891.91444
3444.939783,1000,893.347497
3435.07873,1000,894.712886
2531.006945,712,895.674262
1837.347002,537,896.501405
1876.835375,520,897.218587
3438.037395,1000,898.560385
1909.411326,553,899.42615
3447.58029,1000,900.786571
3440.046129,1000,902.237212
1969.662681,555,902.997369
3486.961088,1000,904.338958
1864.466204,523,905.159635
1656.326495,458,905.784915
3493.863979,1000,907.128773
3496.262314,1000,908.59131
1700.228908,471,909.233038
2824.627616,804,910.325182
3467.782087,1000,911.784865
1357.78744,389,912.294938
1916.665422,542,913.032214
3418.513849,1000,914.488056
2769.025127,765,915.526953
2752.0933,757,916.668598
3485.712099,1000,918.026259
1723.588291,492,918.706714
3434.891882,1000,920.173166
2852.80915,802,921.254009
3509.934884,1000,922.727906
3482.936376,1000,924.100822
3474.565742,975,925.552435
1372.172471,388,926.076086
2010.736679,551,926.828301
1610.974102,453,927.439068
3259.882053,904,928.781031
3494.964998,1000,930.138844
1485.50877,467,930.88257
3400.321615,1000,932.229686
3425.742421,1000,933.591783
3423.763776,1000,935.0514
3421.790175,1000,936.389253
1458.495856,417,937.076752
1879.420673,526,937.788132
1689.32905,472,938.41413
3517.777573,1000,939.883189
3260.286963,902,941.094717
3425.672966,1000,942.586938
2623.513651,730,943.583076
1526.922638,432,944.217065
3497.256616,1000,945.69095
3371.10069,1000,947.060705
3502.871848,1000,948.520685
1130.595836,312,948.9512
2243.199197,614,949.775429
3431.82172,1000,951.217683
3483.928034,1000,952.559508
3590.662923,1000,954.013314
2302.98462,647,954.905542
3517.457637,1000,956.253721
3552.21948,1000,957.723259
2024.694947,560,958.467277
978.827009,260,958.825026
3252.119869,925,960.17155
1427.796951,395,960.714328
2245.870172,641,961.576314
3483.271147,1000,963.050582
1421.124987,393,963.581708
1283.09417,352,964.058228
2672.985328,735,965.04575
1426.346379,401,965.701737
3499.840074,1000,967.046802
1576.488995,431,967.624791
2605.625863,726,968.7132
3485.166497,1000,970.066489
1332.887331,384,970.581995
1512.397084,432,971.261596
3114.745037,862,972.420768
2523.018781,693,973.356775
1285.366766,354,973.835272
1416.20902,391,974.469936
1915.166364,527,975.185366
2919.524569,809,976.281715
1997.855321,550,977.144906
1359.689211,380,977.65678
1438.669563,403,978.199048
1493.310768,414,978.791454
3289.623753,900,980.111851
1360.081483,374,980.61177
2012.411167,570,981.374856
1888.877448,526,982.0914
2649.340665,739,983.177154
1672.113365,467,983.822808
1552.424675,435,984.394712
1262.276906,350,984.884493
970.1449,281,985.260841
2570.929398,714,986.326414
1728.06386,475,986.966589
2010.006693,551,987.719006
1678.474145,465,988.33873
3447.80344,1000,989.80214
2065.098323,572,990.563837
1851.874224,513,991.363492
3128.426888,875,992.55095
1353.459472,372,993.060787
1645.706305,465,993.707155
1653.98236,463,994.429545
1636.53789,461,995.057539
1145.481697,326,995.494935
1882.450381,523,996.201286
1302.896762,356,996.687948
2519.246367,694,997.733583
1366.160025,382,998.238044
1714.219023,475,998.892938
1498.019607,422,999.448779
1490.563745,411,1000.123703
1906.45177,529,1000.838389
2303.970452,642,1001.700277
1444.980258,408,1002.245213
3556.704781,1000,1003.703096
3502.315819,1000,1005.050809
1394.920012,394,1005.581935
3274.185712,885,1006.88484
3380.304936,919,1008.122055
1929.409909,537,1008.948467
3493.682925,1000,1010.29481
3386.590845,930,1011.65658
3220.147014,888,1012.856827
1777.032165,484,1013.495424
1845.323874,511,1014.185981
3283.668405,892,1015.543841
3524.844268,963,1016.904212
3566.216849,1000,1018.360183
2991.565313,820,1019.456873
1243.743628,344,1019.937988
3043.109636,840,1021.17073
2625.826799,716,1022.137881
2460.201455,675,1023.167262
3522.879807,1000,1024.51334
1971.77864,550,1025.251581
1807.611812,491,1026.020015
2901.792852,789,1027.082539
3472.543214,1000,1028.420258
3495.157805,1000,1029.885235
3528.243941,1000,1031.232714
2192.96251,609,1032.157525
1374.271668,378,1032.668126
3488.347688,1000,1034.010759
2412.659913,654,1034.998096
2960.531281,820,1036.106823
3538.351701,1000,1037.558012
3573.748918,1000,1038.935678
2604.503891,711,1039.889634
3168.424438,874,1041.161356
3135.593765,858,1042.32622
3188.627433,878,1043.60596
3516.220926,968,1044.936022
2192.158185,603,1045.766047
2734.412599,764,1046.914275
2042.325154,566,1047.676642
3484.625986,1000,1049.123856
1610.926311,450,1049.742473
3518.237931,1000,1051.088702
1923.827986,529,1051.904136
1807.215285,491,1052.565218
3548.295206,1000,1053.918746
2237.209802,616,1054.853751
1567.304369,432,1055.417177
1711.173677,478,1056.065494
2655.149604,729,1057.044324
2925.567254,787,1058.198251
3453.162494,1000,1059.560386
3173.40664,870,1060.845382
1413.760819,382,1061.347488
920.669749,253,1061.698503
3522.639541,1000,1063.045669
2008.878301,554,1063.900209
2849.75517,766,1064.917101
1457.572804,392,1065.448226
2855.770767,786,1066.612012
3530.956185,969,1067.919818
1727.194038,477,1068.551179
2045.287762,561,1069.423928
2366.025613,646,1070.294975
3543.935723,1000,1071.645476
1728.097531,476,1072.39058
2865.360071,772,1073.435131
1841.841105,501,1074.110319
2622.057233,717,1075.191272
1730.306452,482,1075.86009
2310.312407,638,1076.730445
1599.929962,440,1077.326881
3546.921848,1000,1078.800088
1605.865928,437,1079.385903
3546.164531,1000,1080.848374
2566.931013,709,1081.80436
2291.432001,624,1082.628537
1102.612176,301,1083.042686
1390.073985,381,1083.674905
3605.798098,980,1084.991901
2867.812853,770,1086.015116
1984.39725,547,1086.889199
3418.027847,930,1088.219954
2270.884092,630,1089.066451
1942.67919,532,1089.913725
3506.084309,1000,1091.26448
847.321302,230,1091.576875
888.031373,249,1091.913977
3341.685319,915,1093.260975
3519.986377,1000,1094.622879
956.825552,259,1095.078806
636.182633,187,1095.333918
3535.795393,1000,1096.68641
3209.378747,857,1097.950628
1332.371061,363,1098.440693
683.24816,202,1098.713211
1566.541077,424,1099.278133
1641.581983,445,1099.885398
879.107505,235,1100.197861
720.104767,211,1100.479046
756.388029,212,1100.889123
741.455189,206,1101.159462
1491.315791,405,1101.712948
3604.817542,1000,1103.05159
3237.061511,881,1104.355109
689.836829,211,1104.655628
700.324446,202,1104.935879
623.634485,182,1105.170669
1236.022021,326,1105.623688
980.964438,274,1105.997303
669.674958,201,1106.262864
1327.40695,370,1106.886188
1330.166574,369,1107.386064
3151.477441,855,1108.529405
3286.098389,898,1109.863428
3562.171873,1000,1111.19896
3517.172545,1000,1112.669741
3572.775007,1000,1114.029361
3560.115402,1000,1115.503221
3562.294581,1000,1116.863421
3521.050167,1000,1118.312376
3585.160051,1000,1119.668971
3031.233299,825,1120.785488
3604.445807,984,1122.232616
3542.893579,1000,1123.594549
3589.733369,1000,1125.051259
3586.818786,1000,1126.482728
3573.576513,958,1127.885693
2340.337878,636,1128.744867
1997.775796,539,1129.463449
2266.536896,613,1130.406971
2084.991854,569,1131.176443
1881.065304,513,1131.879833
1789.008608,495,1132.652462
3544.350319,1000,1134.007683
3582.015387,1000,1135.451707
2340.694773,640,1136.341197
1167.297658,311,1136.762091
1690.366853,480,1137.407469
1269.757551,350,1137.881543
3566.705049,1000,1139.333215
3169.845877,859,1140.482496
3578.036909,1000,1141.947257
719.839435,213,1142.219323
3557.641186,1000,1143.575542
3649.297033,997,1145.019752
3531.39778,1000,1146.370011
3547.917503,1000,1147.839733
1089.597836,302,1148.231124
3556.668962,1000,1149.573522
3566.210934,1000,1151.031938
2016.568466,550,1151.774283
3588.140967,1000,1153.229743
2587.92067,702,1154.170321
3586.537867,1000,1155.622693
1779.208334,484,1156.276253
3661.53189,1000,1157.622504
3563.161839,1000,1159.129021
3556.50253,1000,1160.557496
3475.051162,939,1161.948394
3067.987211,832,1163.058109
3720.516263,1000,1164.519421
1419.363365,391,1165.109996
3523.833214,1000,1166.457174
2940.637018,803,1167.669837
3512.83256,1000,1169.013097
3558.04582,1000,1170.469206
3544.456079,1000,1171.843478
3185.379638,858,1173.128592
2348.264216,635,1174.011066
1399.468228,384,1174.526607
2359.45358,628,1175.373423
2678.634714,717,1176.456178
2714.570173,736,1177.453582
3158.405587,842,1178.607471
1726.210172,464,1179.334057
1055.922625,291,1179.739012
3670.990463,1000,1181.089024
1848.142091,496,1181.868606
3587.86227,1000,1183.200783
3692.77415,994,1184.636757
2191.793273,591,1185.420399
1945.515504,532,1186.141977
3568.766194,1000,1187.587098
3558.509102,1000,1188.945521
3568.663605,1000,1190.39259
1954.172513,520,1191.10976
3585.112312,1000,1192.466675
3093.238271,840,1193.715155
1184.301673,323,1194.144783
1387.36719,374,1194.650995
3578.787166,1000,1196.085909
2987.624243,806,1197.179923
3627.810069,1000,1198.514601
3216.304896,865,1199.801775
2248.029359,611,1200.610286
1528.959314,418,1201.191343
3057.651044,827,1202.401086
1489.707787,407,1202.96401
3605.618235,1000,1204.294326
2173.290388,583,1205.197852
3575.658244,1000,1206.529601
2454.457632,667,1207.547876
1389.434984,388,1208.082501
1581.589706,426,1208.65917
1750.113334,477,1209.307803
1348.373476,383,1209.83171
3222.398953,876,1211.122088
1708.461859,461,1211.750651
3567.911019,1000,1213.201633
3600.147557,1000,1214.551703
1616.406207,431,1215.128639
2344.188582,637,1216.089473
2193.22684,600,1216.912247
1799.09847,486,1217.560481
1402.728753,390,1218.09139
3586.713978,1000,1219.577934
3553.408317,1000,1220.985815
1800.143053,491,1221.650295
3601.718594,1000,1223.098192
3289.18521,897,1224.310879
3121.598379,841,1225.544628
1655.541943,456,1226.166518
3611.512936,1000,1227.62026
3329.200669,919,1228.887618
3555.071431,1000,1230.230424
2042.804497,554,1231.138823
3571.426872,1000,1232.538706
3065.948017,829,1233.782151
1748.53294,480,1234.420062
3595.059783,1000,1235.775869
3531.96553,1000,1237.229844
2428.578449,653,1238.107877
2617.754685,701,1239.054773
1984.018942,543,1239.885751
3585.30514,1000,1241.232058
3571.7913,1000,1242.698781
3534.106536,1000,1244.042668
1379.122374,379,1244.542551
3599.804794,1000,1246.012722
3308.917221,900,1247.213587
3551.630847,1000,1248.678728
1370.976249,379,1249.188098
3570.409746,1000,1250.535571
2689.423009,724,1251.620655
3611.335222,1000,1252.965951
2056.52645,550,1253.820118
2140.463462,583,1254.589001
3625.939094,1000,1255.943225
3603.681502,1000,1257.407994
1568.906929,432,1257.995789
2287.981252,618,1258.834157
1611.699377,435,1259.519213
3572.76423,1000,1260.86998
3599.640837,1000,1262.325704
3604.270536,1000,1263.688283
3577.238311,1000,1265.151529
2906.148914,776,1266.186531
1977.489133,520,1266.897298
1604.994357,432,1267.466105
1967.721646,535,1268.296086
3591.421439,1000,1269.6489
3564.922912,1000,1271.097308
2339.712912,633,1271.948868
2582.078053,688,1272.877095
3091.521552,831,1274.091079
3603.178591,1000,1275.417373
3586.907497,1000,1276.874413
2938.849503,793,1277.938194
3574.096992,1000,1279.386442
3204.956228,865,1280.560695
1602.898521,446,1281.14876
1986.976315,549,1281.885806
1888.393462,512,1282.695817
3296.613064,889,1283.903421
2067.528845,571,1284.669748
2094.950693,568,1285.555089
3658.626391,1000,1286.918148
2860.808558,767,1288.044312
1742.015158,477,1288.69435
1580.812853,431,1289.265502
3676.258624,1000,1290.591298
3615.693696,1000,1292.051059
2604.359077,706,1293.010886
2479.505826,665,1294.014178
3532.954793,1000,1295.356215
1771.467184,487,1296.017586
3655.975042,1000,1297.466222
3626.256692,1000,1298.825588
3633.087845,1000,1300.276442
2360.129116,634,1301.123353
1370.355626,369,1301.623236
2023.153229,543,1302.501562
1651.603794,440,1303.093937
3585.485262,1000,1304.513348
3646.04536,1000,1305.979167
3664.809252,1000,1307.323927
3640.452012,1000,1308.786438
3610.137563,1000,1310.120024
2074.222655,559,1310.881266
1626.311144,435,1311.563895
3583.066126,1000,1312.922417
2024.800441,548,1313.657798
1996.770613,542,1314.485063
895.334455,244,1314.82912
1535.60232,407,1315.373803
3606.635518,1000,1316.831134
798.956253,226,1317.124146
3589.406833,956,1318.419561
1752.841652,474,1319.047343
3544.579276,1000,1320.504153
629.072433,192,1320.774762
907.058469,249,1321.104656
3603.070012,1000,1322.56079
3549.79819,1000,1323.889587
3665.007948,1000,1325.341338
3591.893502,1000,1326.683475
3535.580279,1000,1328.011134
2976.57854,805,1329.21722
1332.574439,356,1329.69822
3575.00446,1000,1331.151244
727.138006,204,1331.421845
770.490873,212,1331.712721
2925.193709,780,1332.762402
781.046976,212,1333.048401
909.256817,238,1333.360828
800.197891,222,1333.666476
678.445567,195,1334.035607
2393.283144,668,1334.94561
2518.055566,668,1335.844953
3603.553513,1000,1337.299092
3583.718865,956,1338.57299
1629.129263,442,1339.200841
1399.956982,382,1339.832154
2627.03809,696,1340.76298
2315.648065,619,1341.582097
1324.391945,365,1342.073273
2924.058777,772,1343.232594
2047.601915,560,1343.976404
3580.333797,965,1345.383268
3118.020874,840,1346.528714
1978.436061,531,1347.251213
3352.826851,899,1348.586
2082.708781,559,1349.339032
3628.245109,1000,1350.683177
1748.866571,472,1351.423301
2938.156239,796,1352.499857
1696.854174,453,1353.106965
2800.508252,743,1354.224267
3585.98339,1000,1355.56671
3636.074065,1000,1357.029708
1994.360793,552,1357.781885
3601.177415,1000,1359.120458
3713.928771,1000,1360.580215
3553.180083,944,1361.872232
2360.013677,622,1362.825284
1675.676354,446,1363.417755
3601.439569,1000,1364.774605
3368.638261,908,1366.103992
2106.486771,580,1366.885852
2908.097945,774,1367.925479
732.122218,209,1368.204111
3066.100378,830,1369.425908
3633.298864,1000,1370.778695
1351.48018,365,1371.367147
3543.650734,1000,1372.727269
1764.598334,485,1373.370217
3285.850728,888,1374.707447
1692.787772,462,1375.349122
3506.603567,1000,1376.739745
2077.063321,562,1377.593682
3555.272059,965,1378.904339
3305.600205,896,1380.201399
2021.566925,562,1380.966674
2279.211988,613,1381.794341
1707.853995,470,1382.423317
3595.485222,1000,1383.870902
3595.463078,1000,1385.201679
1491.862351,406,1385.859846
2288.030621,622,1386.692662
988.817646,259,1387.041493
3304.509376,899,1388.248248
2672.573356,727,1389.329012
3304.592423,887,1390.534912
1246.86868,329,1390.980215
3569.491627,1000,1392.436072
2945.064617,800,1393.528168
3578.704245,1000,1394.99807
3591.252193,1000,1396.344354
2993.089088,800,1397.524184
1782.747514,486,1398.18258
770.33318,220,1398.479385
2049.306589,553,1399.2326
3489.105657,936,1400.591238
3562.835107,1000,1401.935839
3568.997981,1000,1403.3952
2175.860632,580,1404.191801
3576.314597,1000,1405.557737
3598.64246,1000,1407.038531
1999.935092,539,1407.768782
1922.272403,518,1408.453676
3597.04606,1000,1409.923475
3583.908598,1000,1411.269269
