# {"t_start": 1596454802.745585, "env_id": "Walker2d-v2"} 
r,l,t
-9.649658,15,0.109317
-0.759971,8,0.109317
-2.305137,7,0.12497
-0.168142,15,0.156211
-2.374892,10,0.171803
-7.582918,11,0.187424
-4.808843,9,0.187424
-5.613997,14,0.218702
-7.708071,9,0.234318
0.919565,15,0.249941
-1.847207,12,0.265565
-9.071253,13,0.281184
-1.389586,12,0.312429
-3.287506,11,0.328049
2.751628,20,0.359291
0.915661,13,0.374913
-2.104549,11,0.390536
-4.398355,11,0.406155
-4.065599,9,0.421779
-5.623969,11,0.4374
-5.723949,9,0.4374
-7.985927,12,0.46864
-11.677498,17,0.484263
7.605916,21,0.531127
-2.161787,13,0.54675
-6.813473,9,0.562372
-7.282504,11,0.580417
-3.295303,10,0.59541
-3.071909,13,0.614359
-3.794987,11,0.630317
-6.822978,8,0.642286
-4.287584,9,0.656215
-2.702021,11,0.672205
-7.262971,16,0.697137
-4.032988,14,0.718082
-1.882067,12,0.735039
-3.968212,9,0.749001
-4.782394,10,0.762966
-3.286323,16,0.778997
-1.094136,10,0.794657
-8.934131,12,0.810274
-0.581051,12,0.825895
-9.654009,13,0.841516
-5.32237,12,0.857143
-5.438142,9,0.87276
-2.207507,15,0.904003
-10.200676,9,0.904003
-0.807057,12,0.919627
-9.526225,9,0.935243
-3.096262,15,0.966486
-3.044985,9,0.982109
-4.656677,7,0.982109
-6.479817,10,0.99773
-1.535621,13,1.028974
-0.859051,10,1.028974
-0.245134,9,1.044598
-4.670672,12,1.060229
-6.267734,9,1.075837
-9.059886,18,1.107079
-4.193522,10,1.122701
-1.652397,12,1.138324
-4.79498,7,1.153946
-2.990988,9,1.153946
-4.155275,9,1.16957
-3.29497,11,1.185187
-7.809839,11,1.200808
-5.50577,10,1.21643
-2.607613,13,1.232051
0.296624,21,1.263294
-4.241124,10,1.278917
-8.879061,13,1.29454
-2.118445,17,1.325778
-2.383737,9,1.341401
-3.046858,8,1.341401
-4.501723,8,1.357025
-2.17876,12,1.372644
-6.472287,9,1.388267
-6.031002,10,1.403887
-8.742072,18,1.435127
-6.600706,20,1.450749
-10.343085,17,1.48199
-1.554426,14,1.497616
-7.651674,10,1.513202
-1.127416,8,1.528823
-2.504031,15,1.560098
-1.349492,8,1.560098
-8.873978,12,1.591427
-2.504939,11,1.607388
-3.781294,10,1.621348
-8.709189,16,1.645284
-4.811686,8,1.657252
-6.249156,8,1.669225
-5.08981,11,1.684179
-8.882755,17,1.711108
-11.163102,17,1.735044
-2.164283,10,1.750005
0.700695,14,1.769918
-2.364933,17,1.793887
0.487924,11,1.810842
0.964929,12,1.827798
-4.327786,11,1.843753
-1.672521,13,1.862703
-7.770587,8,1.874671
2.745402,19,1.901599
-2.497885,11,1.917557
-4.919922,9,1.918652
-2.624388,12,1.934307
-4.768224,12,1.949931
-1.927963,14,1.981174
-2.500175,8,1.996793
-6.116934,8,1.996793
-5.662561,14,2.028034
-1.780331,10,2.028034
0.549833,13,2.059276
-9.224604,9,2.0749
-4.00898,15,2.090518
-14.757805,16,2.106148
0.521246,14,2.137383
-1.47253,10,2.153004
-8.134377,19,2.168626
-4.988741,9,2.184249
-7.755117,11,2.199872
-4.628423,9,2.215494
-1.378843,12,2.231116
-1.385052,12,2.246733
-8.044534,12,2.262357
-7.116912,21,2.293596
-2.913202,9,2.309219
-4.842575,7,2.324843
-7.758942,12,2.340464
-4.974522,10,2.356087
-4.734321,11,2.371704
-1.150561,8,2.371704
-2.967241,9,2.387326
-6.999212,12,2.402948
-3.819308,9,2.418572
-11.354385,17,2.449816
-0.970198,9,2.449816
2.006706,17,2.481056
-4.854004,10,2.496675
-10.266497,10,2.512297
-6.906521,9,2.527918
-15.320413,18,2.543539
-4.230454,11,2.559161
1.159932,11,2.587105
-3.004594,10,2.602065
-4.335516,14,2.622014
-6.001381,11,2.637971
-3.632956,11,2.654924
5.774958,20,2.683845
-2.077708,11,2.7008
-5.654245,7,2.711771
-0.152761,9,2.724737
-2.0848,12,2.74269
-2.839514,7,2.752666
-7.42299,10,2.767622
-8.052333,11,2.782583
-4.576482,10,2.797546
-3.901517,10,2.811509
-2.597843,12,2.82846
-4.758939,12,2.845417
-3.890649,9,2.859381
-10.256313,15,2.87242
-0.204876,15,2.888075
-3.790586,10,2.903698
-0.33821,12,2.919319
-2.595795,9,2.934941
3.900298,17,2.966181
-2.609339,13,2.981803
-0.075033,13,2.997424
-2.962935,11,3.013045
-5.546485,12,3.028667
-5.714249,9,3.044291
-5.839641,9,3.059912
-4.458867,9,3.733443
-0.934196,11,3.750398
-2.171931,9,3.763363
0.27497,26,3.800265
-3.415718,9,3.81323
-3.446698,10,3.82819
-1.5976,12,3.845145
-0.163557,13,3.864094
-1.390697,10,3.878057
-8.245974,9,3.89202
-3.267197,13,3.910969
-7.201137,9,3.923934
-5.88993,9,3.930057
-5.509346,8,3.945679
-0.667187,10,3.9613
0.009971,28,3.992543
-6.198134,7,4.008165
0.214302,12,4.023785
0.625446,27,4.055028
-3.457935,10,4.07065
-2.298029,11,4.086272
-4.487103,10,4.101892
-5.225915,11,4.117514
7.68421,24,4.148757
-2.321615,11,4.164378
-4.304026,14,4.19562
-5.010959,13,4.211242
-2.760316,21,4.242484
-0.751713,9,4.258106
-4.904092,11,4.273727
-4.815559,7,4.273727
-5.234958,9,4.289349
0.573984,21,4.32059
2.069524,13,4.336212
-3.909195,8,4.351834
-5.333014,11,4.367455
-3.8404,11,4.383076
-5.1113,8,4.398698
-2.8617,12,4.414319
-7.942214,11,4.42994
-1.53218,12,4.445562
-5.263113,15,4.461184
-1.923586,16,4.492425
-6.315358,10,4.508048
3.863573,19,4.523669
-2.050393,8,4.53929
-5.957182,14,4.554911
-3.103961,9,4.580128
-3.28696,11,4.596086
-6.937026,10,4.610048
-3.593076,11,4.626005
-3.298057,10,4.640965
-0.180956,10,4.654928
-6.739171,12,4.672881
-1.932818,11,4.688838
-1.85614,16,4.712773
-2.632383,13,4.73272
-0.5094,12,4.749675
0.38808,30,4.79256
5.159066,18,4.818491
-8.88243,11,4.834448
-0.500907,16,4.857387
-5.106216,10,4.872347
-5.739677,17,4.896398
1.046653,17,4.91202
-7.235454,8,4.927641
-2.59164,9,4.943262
-6.143184,11,4.958884
-4.185426,6,4.958884
-2.167558,9,4.974505
-3.236567,11,4.990127
-1.300477,16,5.005748
-2.082746,9,5.021369
2.057188,18,5.052611
-5.301061,16,5.068233
-3.852813,9,5.083855
-2.136226,12,5.099476
-1.219457,11,5.115097
-0.662485,13,5.146339
-2.80705,12,5.161962
-2.018079,12,5.177583
-6.294818,7,5.177583
-1.786606,9,5.193204
-6.605324,9,5.208826
-6.584243,9,5.224447
-6.032736,12,5.240068
-1.104458,12,5.25569
-1.44378,14,5.271311
-8.891576,10,5.286932
-5.961617,10,5.302553
-5.565793,9,5.318175
0.906399,10,5.333796
-7.629149,13,5.349418
-6.59444,14,5.365039
-6.316384,12,5.38066
-7.047149,13,5.411902
-3.405075,10,5.427524
-0.59011,14,5.443146
-2.557581,10,5.458767
-10.299416,12,5.474388
-0.166492,9,5.49001
-4.615076,8,5.49001
-1.759776,16,5.521251
-8.541412,12,5.536873
3.259906,17,5.568116
-2.677539,11,5.583493
-1.856737,15,5.605434
-3.99455,11,5.621392
1.739874,14,5.641338
-4.623767,8,5.653306
-10.437489,13,5.672256
-2.522787,7,5.682229
-2.885635,7,5.694197
-2.70275,13,5.713146
-1.129552,12,5.730101
-4.687222,7,5.741071
-0.096,14,5.761019
-1.841721,10,5.769112
-5.41187,11,5.784734
-0.746451,12,5.800355
-3.953424,10,5.815977
-4.478589,10,5.831598
-1.520094,13,5.847219
-6.95706,9,5.86284
-5.811132,16,5.878462
-5.976749,21,5.909703
-2.066438,12,5.925326
-2.739697,7,5.940947
1.786246,15,5.956569
-1.269813,12,5.97219
2.721113,13,6.003432
-1.817722,13,6.019054
-4.53058,9,6.034675
-2.6152,7,6.034675
-0.323707,11,6.050297
-6.55298,15,6.081539
0.566618,16,6.097161
-3.496712,8,6.112782
-4.458307,14,6.128403
-2.333255,13,6.144025
-9.042514,12,6.159646
-5.070063,7,6.175267
0.717884,13,6.190889
-5.476224,13,6.20651
-3.364326,14,6.237752
-2.356249,9,6.253374
2.559661,16,6.268996
-9.178472,14,6.284617
-8.191519,9,6.300238
-11.679323,20,6.331481
-1.861172,12,6.347102
-3.825802,11,6.362724
-4.32314,9,6.378345
-3.929756,11,6.393966
-3.897525,7,6.393966
3.763348,16,6.425208
0.989256,13,6.440831
-1.803637,14,6.456452
-1.090729,14,6.487694
-4.258769,13,6.503316
-11.835927,18,6.534558
-2.197486,12,6.55018
-3.355714,17,6.577242
0.872613,17,6.601178
-2.877415,9,6.61514
-4.967626,10,6.629103
-2.408394,15,6.651044
-2.558751,17,6.781695
-4.031889,11,6.79865
-2.308747,14,6.818707
-2.290641,9,6.818707
0.046372,10,6.83433
-2.068107,14,6.865571
-4.966271,14,6.881193
-3.25308,7,6.881193
4.780799,15,6.912436
6.589109,23,6.943678
-2.963355,10,6.959301
-1.96863,10,6.978716
30.659344,51,7.043375
2.076473,15,7.058997
-3.378193,13,7.09024
2.483713,17,7.105862
-4.818009,16,7.137104
-4.570352,12,7.152726
-0.544013,14,7.168347
-0.363219,9,7.183969
-0.244858,15,7.199589
-1.441595,8,7.215211
-1.368046,8,7.230833
1.388302,12,7.246454
-1.937423,15,7.262075
-3.197186,9,7.277697
2.846548,13,7.293318
-5.482832,13,7.308939
-1.146478,9,7.32456
-1.61446,12,7.340181
5.01377,15,7.371424
-4.569201,10,7.371424
1.773282,15,7.402667
-1.809817,9,7.418289
0.463867,18,7.43391
0.432494,12,7.449532
-10.063773,13,7.480773
-6.282142,9,7.480773
5.995958,18,7.512016
-2.434649,10,7.527638
-3.371961,9,7.543259
-1.194601,21,7.576875
-4.773044,19,7.6048
2.376302,18,7.63073
-5.552545,16,7.653669
2.316348,25,7.690571
-7.485765,10,7.70553
-0.553517,11,7.72049
2.789007,13,7.739439
-1.618663,8,7.751408
-1.515584,21,7.781327
3.413266,16,7.805264
8.04805,18,7.831195
-1.989012,13,7.850144
0.248605,18,7.869212
0.194434,10,7.884835
5.079473,14,7.900456
3.40456,21,7.931698
-2.182889,14,7.94732
-0.138435,14,7.978562
-0.026748,11,7.994184
3.594453,19,8.009805
0.638029,9,8.025426
-0.637494,13,8.041048
-0.165837,27,8.087912
0.228994,13,8.103533
0.200932,14,8.119154
-1.771803,11,8.134776
-4.033511,7,8.150398
-3.794434,12,8.166018
-1.692092,17,8.197261
-3.094619,14,8.212883
-0.235405,10,8.228504
-3.731531,11,8.244126
-0.071554,17,8.259747
-3.282682,11,8.275368
-7.442333,11,8.290989
-0.523614,11,8.306611
-1.388753,8,8.322232
-3.249967,10,8.337854
11.410158,36,8.384717
7.226715,27,8.431581
-11.366376,15,8.447203
-0.686128,10,8.462824
2.122218,16,8.478446
-1.637266,10,8.494067
0.417661,11,8.509689
-2.505787,9,8.52531
-2.223079,9,8.540931
2.427569,17,8.572173
-4.708437,11,8.588638
-3.975466,12,8.605593
1.822854,12,8.623545
-5.12243,16,8.646484
-4.276374,10,8.661443
1.035983,22,8.693358
-6.828346,9,8.707321
-1.577174,12,8.724276
-4.425228,11,8.740233
-4.592774,11,8.75619
-3.11572,14,8.777135
-0.161337,11,8.793092
1.993342,13,8.811044
3.238273,25,8.847945
-1.088826,14,8.867891
-4.223265,9,8.880857
1.205243,20,8.90978
1.774338,12,8.918866
0.203437,10,8.934488
-4.385581,14,8.950109
-3.80779,11,8.965731
0.989861,10,8.981352
-4.337404,14,8.996974
-2.203689,7,9.012595
2.442091,15,9.028216
0.604404,22,9.059458
-3.63874,10,9.07508
-2.763575,9,9.090701
-0.154933,11,9.106323
-4.741282,14,9.121944
-2.737949,9,9.137565
-3.642021,8,9.153187
2.302272,16,9.168808
-2.016867,10,9.184429
-0.150516,10,9.200051
4.144296,20,9.231292
0.749464,12,9.246914
5.366136,18,9.278157
-2.477975,10,9.293779
-3.569331,9,9.3094
-4.828204,9,9.3094
-2.429512,10,9.325021
-0.965527,17,9.356264
11.010592,34,9.403127
-3.580048,8,9.418749
-5.590477,11,9.434371
-0.691208,10,9.434371
5.727044,19,9.465613
-5.214279,10,9.481236
7.489311,20,9.512477
-0.007391,14,9.528099
-1.65684,9,9.543721
-2.05475,14,9.559342
-2.312642,10,9.586318
8.518893,17,9.611251
-1.073421,26,9.648152
-5.86788,9,9.661118
5.481049,25,9.699017
-2.679856,12,9.821688
-2.978319,11,9.837646
2.540797,12,9.855598
-1.818449,9,9.868563
-0.845502,17,9.878633
1.618414,13,9.909876
-4.417242,10,9.925498
-2.815913,9,9.925498
-4.711302,11,9.94112
8.027808,21,9.972361
-2.45222,13,10.003604
-0.798511,11,10.019226
-8.922607,11,10.024909
3.490044,17,10.056153
1.964767,18,10.087395
-1.175443,13,10.103017
20.085793,43,10.165502
-2.940208,12,10.181124
-2.06468,9,10.196745
-4.408095,9,10.196745
1.068667,14,10.227987
-1.201125,9,10.243609
-6.02215,16,10.259231
-4.482645,11,10.274852
0.182032,10,10.290474
1.397975,16,10.306095
-4.096767,10,10.321716
1.640626,13,10.352958
-2.365191,12,10.36858
17.361386,27,10.399822
-0.180765,20,10.431065
1.266335,12,10.446687
-3.408757,9,10.462309
3.574461,12,10.47793
3.488143,15,10.493551
-1.591908,10,10.509172
-0.321595,16,10.540414
1.140749,15,10.556036
0.52819,12,10.583995
-0.11309,9,10.59696
8.809021,26,10.634859
1.647055,21,10.664779
2.91653,20,10.695696
3.786838,20,10.724619
2.1429,15,10.74656
9.563312,20,10.775483
9.040036,20,10.804406
3.342191,13,10.823355
-3.510163,10,10.838315
10.386093,24,10.872224
7.843866,25,10.908128
1.963842,20,10.929172
8.800065,28,10.976036
-0.849498,12,10.991657
-0.083958,18,11.007279
-5.79004,9,11.022901
3.528962,13,11.038522
-0.385246,9,11.054143
-0.710162,21,11.085385
10.926112,38,11.14787
6.183832,20,11.163492
5.982567,17,11.194734
1.093357,10,11.210356
-3.239075,11,11.225977
-0.89994,13,11.241599
17.920619,31,11.288463
1.340161,15,11.304084
2.264281,16,11.335327
1.908939,16,11.350949
6.719493,26,11.397812
-2.669052,8,11.397812
6.936457,17,11.429055
4.236251,16,11.444677
16.504717,36,11.507162
20.984913,28,11.538404
6.037897,21,11.577102
-0.355679,15,11.599043
-3.018381,9,11.612008
11.038008,33,11.658883
9.667906,19,11.68681
-0.965613,9,11.700771
0.018149,10,11.715731
-4.616522,7,11.725704
14.388709,29,11.767593
4.718952,25,11.804494
5.180042,18,11.833416
9.751635,22,11.868323
3.867559,15,11.893256
-0.252372,10,11.896349
-1.445177,9,11.911972
-2.263671,8,11.927593
-2.038356,10,11.943214
-3.222972,13,11.958836
5.981715,18,11.990077
-4.127197,15,12.005699
-0.943022,13,12.021321
28.540773,41,12.083805
-4.32365,12,12.099427
-3.287619,12,12.115049
-2.757524,7,12.130671
6.17234,28,12.177534
1.488504,12,12.193156
2.450544,11,12.208777
0.517651,10,12.224398
12.573906,20,12.24002
23.968627,40,12.302505
-2.149586,8,12.318126
3.759713,14,12.333747
-1.428943,8,12.349369
-1.014016,12,12.36499
12.304891,25,12.396233
5.375207,15,12.411854
-1.932252,22,12.443096
-1.06249,10,12.458719
-1.194087,9,12.47434
1.83774,11,12.489962
2.931158,12,12.505583
-1.247305,16,12.536824
6.213659,19,12.568068
0.872431,15,12.589874
-0.898031,9,12.602839
-6.821301,10,12.617799
-3.405038,12,12.635751
-1.440444,9,12.648716
2.867634,14,12.669661
10.701323,22,12.702573
-3.002909,14,12.723517
-8.248436,20,12.752439
23.179117,48,12.925753
8.33818,22,12.956994
19.092104,29,12.988239
2.673643,14,13.019479
0.122422,10,13.035102
26.820851,38,13.081965
-2.518502,9,13.097589
4.588618,16,13.128831
0.01261,10,13.144452
-1.450677,8,13.144452
0.150868,9,13.160072
19.77901,41,13.222559
6.124256,19,13.253802
8.801491,28,13.285043
12.199585,27,13.331906
9.457869,25,13.363151
-0.498879,11,13.378774
16.816411,32,13.425635
-1.501727,15,13.441258
20.35063,31,13.488122
2.593836,29,13.534984
6.035066,23,13.5686
4.634304,19,13.596524
26.991688,34,13.645397
8.367231,17,13.670327
-8.332617,14,13.692268
-3.219726,11,13.708226
4.583859,14,13.72814
-0.559853,9,13.741105
-4.090655,10,13.756099
2.558714,13,13.775049
12.782294,21,13.80497
11.168985,20,13.819006
-3.827528,12,13.850276
-1.434745,10,13.850276
-0.093254,14,13.881526
2.861447,15,13.897146
7.915405,19,13.928388
5.497804,27,13.959631
7.713455,24,13.990874
1.775295,12,14.022116
-3.008942,10,14.037738
7.433393,18,14.053368
2.724466,14,14.068949
0.20513,13,14.100191
-4.159244,14,14.115813
-2.878953,9,14.131474
14.752658,36,14.178297
5.958726,14,14.193954
0.415733,10,14.209574
1.542468,11,14.225195
-0.144692,10,14.240816
7.691967,19,14.272057
5.896162,17,14.287681
12.152029,29,14.334544
10.676968,22,14.365786
1.353354,11,14.381408
5.057236,14,14.39703
2.177441,13,14.412651
0.810671,18,14.443895
2.68189,15,14.475137
-1.04519,8,14.475137
-1.460842,13,14.490757
-0.447721,11,14.50638
-3.068248,13,14.537621
18.285917,34,14.588265
8.636451,17,14.613222
11.003979,29,14.65408
-1.597486,12,14.672065
1.233109,11,14.687991
-0.592205,12,14.705975
-1.760158,10,14.720939
-0.545625,10,14.734866
6.225553,16,14.757804
1.293872,19,14.785762
8.692934,19,14.813689
15.208076,28,14.853547
0.974915,19,14.868614
0.610799,10,14.884269
-0.628221,13,14.89989
-2.761015,8,14.915511
4.968938,18,14.946755
2.49555,12,14.962378
3.244789,19,14.993622
13.578009,37,15.040482
9.243543,25,15.071701
1.105602,13,15.08735
-2.794153,10,15.102935
-3.161137,12,15.118593
0.656745,11,15.134211
-4.682279,9,15.149833
17.532247,27,15.196696
6.009998,17,15.21232
6.108006,33,15.259181
1.226745,18,15.290424
3.741107,15,15.306048
-2.462342,8,15.321667
4.041226,13,15.337291
-5.956306,12,15.352912
27.997297,51,15.431016
34.077691,49,15.493506
5.938055,21,15.524744
-1.969706,8,15.540366
5.175437,16,15.555955
33.327355,43,15.631794
5.491693,15,15.653736
2.991309,32,15.70061
-6.10185,11,15.716567
11.074511,30,15.759454
-2.173169,11,15.77541
3.873423,15,15.797354
2.300269,13,15.919098
16.825116,30,15.950376
11.838915,23,15.981616
5.557937,20,16.012859
6.503709,20,16.044102
0.325033,17,16.075351
9.832496,22,16.106588
7.848344,27,16.145156
-4.322269,9,16.160779
14.606023,23,16.192023
2.611137,16,16.207643
1.96848,12,16.223268
11.469243,21,16.254508
3.718699,15,16.28575
8.993878,23,16.316991
8.689445,19,16.332614
7.638109,23,16.379478
34.339502,43,16.426341
12.117784,20,16.457584
24.066922,33,16.504449
15.256144,25,16.551312
11.215753,32,16.598179
2.602966,14,16.6138
0.411627,9,16.629421
0.251659,12,16.645041
32.755219,39,16.691905
6.079831,22,16.723152
9.635495,27,16.77001
7.21788,20,16.801253
6.621813,19,16.832496
-1.567436,16,16.84812
-0.685023,12,16.863742
-2.024134,7,16.879364
6.678456,18,16.894984
5.353116,20,16.926225
8.689905,19,16.957466
0.956235,10,16.97309
30.084547,46,17.035574
3.786058,34,17.082438
2.708787,18,17.113678
26.696311,51,17.176166
15.641209,34,17.23865
-3.460639,10,17.23865
3.677346,15,17.269895
0.224493,12,17.285517
1.622372,14,17.301139
2.603624,12,17.31676
12.002142,31,17.363625
-0.205772,10,17.379246
8.78082,25,17.410486
2.513794,21,17.441728
-2.278975,9,17.457351
12.186657,26,17.488595
5.752718,24,17.535456
5.116526,17,17.55108
26.180983,57,17.642958
6.612302,18,17.668886
0.657139,11,17.684843
1.413846,15,17.708781
-1.512138,10,17.723739
9.98178,35,17.774571
-4.888048,25,17.81051
24.001638,61,17.898275
8.912286,23,17.929251
22.553391,39,17.976148
12.839658,39,18.038633
0.850866,12,18.054255
14.644275,33,18.101118
3.346124,16,18.116742
3.059781,16,18.147982
7.865822,20,18.179225
0.067323,21,18.21047
-0.108532,11,18.226095
15.544172,23,18.257331
0.938262,15,18.272954
7.04889,20,18.304197
-0.192774,11,18.319821
29.210699,43,18.382303
0.97414,17,18.397925
5.625128,15,18.429166
67.999027,89,18.554137
1.709313,16,18.582236
4.979268,15,18.604209
21.582466,35,18.654045
7.410384,24,18.688985
1.253166,18,18.715879
20.449887,30,18.758796
25.162608,34,18.80767
16.285715,29,18.849554
29.914393,43,19.005934
46.37231,52,19.084042
4.290868,18,19.115283
6.390706,20,19.146525
2.026229,16,19.167102
4.255377,17,19.182759
64.68514,77,19.292073
-1.32849,9,19.307695
34.955151,46,19.370213
39.269138,45,19.4327
5.876147,14,19.463944
30.75078,77,19.55767
16.84982,38,19.62659
40.882428,54,19.706376
3.368648,13,19.726323
1.051545,14,19.746271
27.407823,48,19.815087
9.681568,59,19.898862
-0.992123,10,19.913822
17.251533,42,19.962431
-0.009456,18,19.993705
23.451078,44,20.056191
7.200492,22,20.087432
5.209098,20,20.118642
-3.098901,13,20.134298
3.010098,18,20.149918
57.410359,68,20.243646
16.65068,36,20.306133
4.817294,15,20.321721
26.696538,39,20.384238
87.114834,93,20.509209
-2.091973,8,20.524832
69.522532,76,20.634979
37.691782,55,20.714732
29.097732,48,20.78355
11.572708,31,20.818545
-0.629699,13,20.834167
1.187762,12,20.849835
0.138477,13,20.881032
-5.152562,11,20.896653
3.823138,15,20.912308
5.145288,20,20.94355
4.976382,16,20.95917
12.084852,32,21.006036
26.738941,53,21.084141
6.29942,19,21.11535
13.710202,28,21.146594
1.516614,11,21.162248
16.846396,42,21.224734
41.129045,75,21.334084
32.130027,44,21.396535
1.10242,18,21.41219
7.453964,21,21.443433
-0.356786,13,21.459028
4.990015,16,21.490264
-0.090803,11,21.505919
2.37109,13,21.521544
0.912175,10,21.53716
27.43422,42,21.600637
62.02525,82,21.719352
44.536599,76,21.827065
115.678993,130,22.103395
7.996769,20,22.134637
63.50818,69,22.234603
15.919265,36,22.281468
39.731922,65,22.375196
20.156085,40,22.437681
22.457362,44,22.500167
17.578123,44,22.569086
43.467002,80,22.681751
24.802907,39,22.739633
14.797559,33,22.786471
50.850551,99,22.919236
50.241412,78,23.028619
17.9975,32,23.075483
53.132687,72,23.169211
28.05711,56,23.247319
89.15034,106,23.40353
10.356302,24,23.434773
61.455099,66,23.5285
111.464977,100,23.679553
-0.629001,11,23.696509
7.872456,22,23.728428
84.110764,113,23.87915
21.672941,33,23.926016
31.784909,46,23.988534
14.496304,26,24.035397
66.166299,80,24.144748
57.828285,96,24.269718
13.727463,32,24.316582
11.019831,30,24.363413
-1.090665,13,24.379035
9.490678,23,24.410309
8.926557,18,24.441554
41.310257,59,24.51966
28.050072,56,24.609722
16.067641,34,24.658624
128.677266,106,24.810218
17.07989,42,24.87006
13.860504,26,25.007192
31.534561,41,25.054055
26.598046,48,25.132163
54.712612,61,25.216277
41.183695,48,25.278765
6.293144,18,25.310006
4.910063,15,25.32563
23.00039,29,25.372492
147.962826,123,25.54433
3.310939,19,25.578943
47.973481,83,25.698623
10.108379,24,25.733529
124.90188,100,25.876148
78.595501,70,25.974312
141.176606,93,26.099284
83.19044,97,26.239876
55.88228,65,26.31798
85.682946,106,26.474196
-6.3701,16,26.489819
26.211759,34,26.5523
106.582594,180,26.800129
74.428527,90,26.9251
108.169593,96,27.065691
35.336331,54,27.143796
29.640697,48,27.206283
2.966589,13,27.221904
20.130623,32,27.268767
37.919063,50,27.346873
76.473024,69,27.440603
10.110282,20,27.471843
60.126503,85,27.59301
43.285986,51,27.665816
-0.920176,11,27.682772
6.941303,22,27.715682
65.026978,87,27.835129
56.243089,65,28.022586
15.585931,30,28.06945
30.054001,48,28.131938
273.74023,194,28.419483
51.174777,70,28.513213
15.866328,42,28.581082
86.222367,103,28.729686
307.246827,173,28.963171
39.607736,67,29.056898
35.542433,58,29.150594
42.447259,74,29.244328
29.039528,43,29.306839
3.857422,14,29.338048
140.22237,180,29.592708
74.269042,109,29.750252
16.255045,37,29.804141
119.989012,89,29.918904
11.664182,25,29.965801
208.511476,134,30.15326
65.075259,72,30.246986
90.104652,103,30.387567
31.840665,54,30.465685
114.309019,147,30.689128
110.33656,158,31.00365
150.35495,159,31.228218
51.950618,88,31.353223
120.647955,134,31.556266
312.8979,185,31.822644
15.301497,31,31.866494
30.536059,49,31.929504
19.16713,32,31.976401
56.484794,157,32.195101
251.585623,184,32.460665
54.183431,78,32.575423
118.774721,173,32.823761
193.939787,131,33.006005
64.453666,97,33.146633
2.764138,116,33.302844
17.011866,32,33.349708
71.20261,124,33.521545
222.172699,140,33.730807
75.632483,96,33.863686
287.260168,148,34.176078
38.905072,125,34.352841
104.38911,150,34.555886
110.067756,117,34.819381
106.05124,121,35.038108
41.054764,73,35.147465
307.402037,199,35.444277
266.115959,148,35.691212
76.589946,114,35.860792
249.358594,124,36.025089
340.567913,193,36.321896
255.288688,175,36.556216
33.298091,78,36.694974
166.658196,96,36.832607
69.108633,153,37.04345
8.841031,37,37.090316
50.230082,105,37.355845
74.95748,95,37.48882
44.753873,71,37.598169
272.106385,160,37.816868
161.186108,228,38.144917
45.488433,154,38.363584
82.056388,88,38.504208
331.898097,185,38.772546
113.573364,185,39.022949
69.570473,87,39.14791
82.176931,175,39.397853
219.532729,141,39.606019
62.560858,130,39.79252
241.594819,173,40.021416
39.936813,119,40.302602
-0.720621,11,40.318189
246.620165,132,40.496871
322.5916,214,40.81769
351.827034,224,41.13391
67.909205,140,41.321367
137.573926,156,41.540066
305.046821,187,41.819076
70.85488,141,42.006568
54.888942,84,42.131536
262.897553,171,42.365857
51.1975,91,42.490828
192.234129,106,42.655106
49.684619,65,42.748857
42.406603,58,42.831635
316.047022,210,43.118674
204.870809,147,43.431067
235.047224,123,43.61859
119.603767,185,43.885875
294.328391,156,44.106369
170.106444,201,44.387552
225.121506,132,44.581469
250.866772,129,44.767971
29.166801,63,44.859725
83.636428,152,45.075883
61.286019,217,45.372688
457.542648,258,45.755644
-17.024085,152,45.960541
205.432305,356,46.589672
121.538484,238,46.927204
-0.602329,80,47.036548
92.046232,207,47.333356
116.826648,189,47.60501
302.936324,185,47.863401
294.779112,240,48.207068
21.572832,90,48.332039
197.965223,120,48.488255
210.464945,271,48.881698
135.173235,133,49.069155
47.463255,118,49.350307
105.775373,225,49.67133
355.229374,368,50.181349
460.343757,325,50.661026
397.837903,340,51.152769
202.179601,146,51.355846
398.378117,230,51.691802
264.234477,162,51.910642
60.18317,123,52.098098
301.030798,176,52.457389
400.040948,239,52.808523
73.447145,97,52.944953
256.890652,156,53.163652
204.198251,105,53.304244
86.759607,331,53.791577
269.189394,150,54.00579
37.214265,104,54.146383
242.733334,160,54.380702
29.448927,150,54.595978
306.29382,176,54.84773
315.789079,174,55.08205
52.05508,182,55.456995
25.489606,38,55.503835
-6.003748,215,55.819091
52.997358,218,56.11593
25.215474,161,56.350218
346.434362,191,56.630138
95.779687,271,57.009199
80.526107,141,57.212278
89.312481,193,57.493461
141.31059,306,57.919121
332.858314,198,58.200316
230.811111,133,58.497147
358.612411,185,58.769274
305.782207,226,59.082145
83.715476,226,59.394572
264.197438,150,59.615625
181.23935,240,59.944605
148.404339,250,60.303905
245.399743,134,60.491351
316.865515,192,60.773274
50.380767,189,61.037641
282.87718,172,61.271958
304.011829,170,61.629493
90.122963,156,61.847386
276.288282,171,62.081674
211.217127,104,62.237919
45.245696,176,62.472243
470.695455,385,63.021804
249.843955,161,63.240535
15.802742,33,63.2874
313.749426,207,63.588871
311.804679,172,63.834248
125.780292,206,64.119219
214.062762,115,64.275432
343.259566,236,64.724262
409.583265,255,65.07508
338.684728,227,65.40313
378.35255,235,65.742054
261.745798,130,65.925666
351.946727,231,66.238088
303.66467,187,66.503619
367.347687,581,67.444115
36.735492,79,67.573494
389.882329,306,68.021724
335.877561,208,68.334151
173.369674,304,68.784563
145.981034,190,69.065749
476.977842,374,69.647761
504.464241,371,70.225575
209.149062,111,70.381788
303.220413,165,70.735373
342.036663,214,71.040952
139.303871,179,71.290895
299.899444,169,71.525186
310.603631,182,71.795862
283.677112,223,72.106128
161.749125,102,72.246719
140.275814,329,72.721842
339.146179,254,73.067004
301.656626,170,73.316945
125.515267,154,73.535647
297.224565,222,73.961607
353.228111,219,74.258412
185.381343,104,74.414626
249.240163,180,74.678998
317.329223,182,74.927769
336.85737,193,75.208954
284.005686,179,75.458895
189.387896,103,75.609976
325.949972,217,75.910253
352.455274,203,76.191437
220.54009,129,76.378893
312.622257,167,76.757282
304.229988,214,77.060143
340.173532,224,77.372571
36.514905,63,77.450677
21.909898,98,77.603994
315.355238,200,77.931883
332.985638,165,78.197445
364.033163,301,78.628548
175.039259,109,78.786127
77.847942,345,79.262562
145.095069,89,79.387533
49.598712,105,79.543746
311.189124,194,79.925796
262.199681,163,80.167203
185.241316,97,80.307829
234.855408,127,80.47963
284.668018,177,80.743286
278.691924,147,80.944508
163.260785,349,81.444389
164.193117,94,81.578669
126.024944,175,81.830992
63.99195,299,82.240561
248.154966,126,82.428016
267.459612,149,82.639845
182.602418,93,82.878902
245.611717,122,83.042006
74.269925,154,83.260705
426.977617,278,83.671281
244.981225,134,83.850256
349.492765,201,84.147061
223.806664,115,84.303274
346.116488,326,84.771915
289.371681,170,85.006236
12.176266,237,85.334283
286.845238,175,85.591866
135.95545,296,86.114388
330.714676,188,86.379953
320.967724,210,86.686923
294.207177,142,86.879514
265.272298,167,87.113869
342.709248,246,87.47316
335.660806,173,87.721834
339.834283,271,88.101229
334.570254,249,88.4449
215.424707,153,88.674989
184.669814,101,88.927755
246.210149,137,89.120994
82.595393,243,89.449041
231.667784,109,89.61727
407.746833,287,90.024602
282.0665,161,90.243302
157.155085,271,90.634587
316.860091,177,90.881791
112.991392,112,91.038005
212.223419,123,91.209843
295.264003,187,91.475401
283.26459,180,91.842829
323.295557,195,92.10916
662.786663,560,92.907261
278.504123,323,93.356733
264.502865,163,93.588981
159.308362,87,93.714612
201.489522,110,93.871194
263.874581,152,94.082441
326.667594,205,94.363594
223.387652,114,94.519839
211.838255,98,94.6719
34.450999,316,95.216477
246.270467,138,95.403936
387.331011,229,95.742789
51.382612,85,95.862437
222.435869,133,96.037136
264.38286,136,96.224594
345.850641,218,96.537021
308.300609,156,96.767279
249.382374,147,96.97246
241.585796,381,97.503584
360.921358,266,97.990727
308.566294,183,98.246625
377.842141,226,98.55902
252.14637,172,98.817427
74.857658,292,99.228715
210.457808,115,99.384928
308.792432,169,99.636681
315.942144,170,99.880028
277.413515,192,100.137726
178.111346,110,100.293906
99.142305,207,100.595424
346.287338,198,100.988106
319.288064,175,101.229899
245.510894,136,101.417356
262.488369,171,101.671618
195.612668,103,101.820253
410.562026,296,102.225899
255.525671,140,102.428942
200.885721,110,102.591931
215.692558,120,102.767428
409.631488,337,103.239899
281.273681,175,103.4742
13.766865,119,103.658303
386.778767,284,104.165815
422.658723,290,104.572362
377.753497,252,104.928178
263.935877,143,105.131224
53.323546,179,105.381197
346.447862,218,105.688781
350.943981,191,105.947528
455.004666,321,106.400583
362.910958,213,106.708529
271.384453,168,107.044065
319.2933,171,107.300995
243.450978,135,107.488452
95.221503,219,107.813083
250.401882,136,108.000539
203.865973,113,108.156752
194.7731,102,108.312966
464.47441,434,108.945053
437.025866,276,109.335587
315.391121,154,109.554286
336.457179,182,109.928021
306.455266,178,110.185865
242.285017,161,110.404532
12.320589,153,110.631749
398.299838,239,110.977224
414.512704,275,111.352137
286.737788,150,111.576193
338.485695,200,111.849891
289.897417,166,112.084212
400.81454,186,112.349775
277.436657,148,112.55285
266.599882,138,112.761342
298.553851,156,113.088098
396.999636,227,113.405665
201.1525,106,113.546258
38.181512,281,113.950285
23.919556,119,114.122119
320.659835,231,114.450168
260.041834,157,114.672233
233.322903,127,114.854713
323.636437,186,115.113091
315.377891,176,115.363032
293.257741,172,115.606418
44.439413,185,115.969527
270.797705,181,116.225235
390.282601,202,116.522041
347.812631,205,116.812879
616.571754,415,117.40649
278.659812,128,117.590139
266.748076,134,117.773734
286.902826,161,118.008054
255.053667,118,118.164268
294.066468,146,118.367345
326.023262,187,118.645977
134.232712,288,119.154722
224.230844,117,119.326557
171.270145,89,119.451528
280.633172,182,119.705633
323.454925,173,119.955576
241.326376,120,120.127412
460.906267,333,120.603137
299.462253,177,120.858454
443.560035,244,121.199593
257.24559,122,121.371428
205.599181,115,121.527642
352.130048,257,122.004316
275.229679,160,122.227229
351.237548,242,122.5843
250.847208,129,122.7718
292.091732,170,123.007554
184.306943,250,123.366812
210.372872,133,123.554302
431.019109,261,123.927973
254.29964,114,124.084185
157.629141,82,124.209157
281.384935,162,124.443508
282.752189,131,124.630168
369.071072,201,125.018849
345.308165,180,125.274322
124.517907,205,125.574523
381.246876,236,125.912826
274.591342,172,126.147146
334.580937,204,126.428331
427.800461,241,126.784736
91.427086,204,127.071763
276.874341,124,127.243598
299.317421,156,127.462297
576.30092,549,128.345251
329.488327,208,128.657169
306.118043,221,128.972395
298.408276,233,129.300477
386.471814,235,129.646242
449.41346,331,130.1161
284.083609,159,130.334793
121.490172,79,130.459731
148.698288,76,130.553493
268.183599,163,130.803977
355.104554,221,131.225062
280.750279,148,131.434175
241.713774,133,131.624139
315.167209,160,131.85552
326.84218,166,132.086983
379.262092,234,132.415032
277.338668,140,132.617512
384.433522,224,132.928435
356.349711,220,133.24086
57.824314,141,133.443938
296.218651,140,133.649095
450.604821,337,134.22792
209.361653,113,134.390665
266.445578,159,134.621737
372.815242,235,134.950572
357.543065,201,135.231756
359.701411,205,135.528561
219.830641,113,135.696442
152.579909,78,135.809141
285.037051,164,136.035266
245.473254,135,136.222723
185.295711,103,136.363315
304.264963,157,136.599634
475.146959,359,137.210044
332.066115,210,137.513158
358.491258,187,137.789465
479.536874,310,138.224363
236.32992,409,138.815862
241.616922,118,138.972075
309.091656,144,139.175153
219.75474,135,139.378229
465.250386,304,139.814414
237.925846,142,140.116314
276.662888,159,140.339183
329.5545,173,140.590812
441.942347,251,140.947354
222.82936,128,141.119225
353.511871,168,141.353541
276.451259,178,141.616544
310.750683,151,141.833965
261.42501,143,142.028264
191.038291,107,142.184477
251.215921,137,142.371932
123.228319,66,142.465628
363.013541,206,142.763955
334.297824,217,143.175556
389.008249,253,143.524261
440.93274,269,143.925701
364.406109,210,144.209984
223.253313,114,144.381819
245.108666,115,144.538034
373.03624,215,144.856904
402.041165,246,145.193785
430.734201,240,145.537453
303.710793,152,145.764034
325.543874,190,146.128532
297.405801,177,146.383533
311.127436,181,146.647133
148.040856,320,147.09999
324.426227,200,147.381173
268.703906,169,147.619859
358.840361,166,147.857189
318.771175,183,148.103673
213.554801,107,148.259917
388.29797,204,148.54107
435.28476,266,148.919052
463.064663,277,149.424674
354.619461,180,149.689304
357.05933,179,149.935413
609.198688,363,150.450917
301.402548,156,150.688047
216.599128,319,151.147224
357.923056,176,151.397166
328.320295,156,151.619181
308.21955,147,151.831614
477.149034,252,152.333962
372.73334,179,152.594806
83.407207,168,152.839152
584.512621,503,153.612127
118.842657,236,153.943757
383.091181,176,154.193698
310.870915,173,154.44364
407.673805,202,154.736578
385.565785,153,154.947507
178.739482,93,155.072478
265.128685,138,155.384905
122.671539,73,155.494256
256.494042,142,155.700763
290.965104,136,155.898233
486.148904,318,156.341133
302.505047,145,156.544211
30.107904,114,156.716501
332.775249,190,156.988549
342.336507,173,157.222869
249.857708,120,157.394704
306.640765,131,157.589925
367.124658,185,157.856214
287.246327,147,158.054212
278.711126,136,158.350985
418.814325,255,158.734863
354.100665,166,158.974674
321.473195,157,159.193373
294.505356,134,159.38083
505.954722,282,159.78484
311.841716,139,159.987918
348.285184,161,160.206617
346.512684,200,160.487801
330.002051,167,160.740891
70.693042,179,160.990633
271.012198,162,161.224953
375.779506,190,161.605929
237.541525,116,161.774474
346.567942,245,162.119339
413.346664,244,162.462976
256.634402,126,162.64774
327.596034,164,162.889096
362.967764,158,163.106637
404.425939,196,163.38782
384.842588,165,163.626538
302.466915,137,163.825003
310.035204,138,164.01959
453.490688,242,164.456956
375.747792,205,164.768113
407.440076,217,165.069387
354.065021,160,165.303708
159.742103,82,165.413056
348.799707,165,165.653451
209.513217,105,165.805045
242.073189,119,165.959409
285.074897,143,166.162487
355.796204,177,166.412428
393.170316,198,166.708209
338.180223,163,166.941012
237.719479,131,167.112847
244.42773,134,167.300303
341.215477,184,167.685008
304.651641,168,167.92813
394.738803,193,168.193694
310.682272,149,168.396771
457.727305,236,168.749475
124.696548,77,168.859181
422.452784,209,169.150472
267.305701,119,169.322305
348.765632,204,169.612604
364.166571,198,169.899836
351.253186,159,170.121995
569.642572,365,170.755934
302.423687,146,170.956829
573.117968,401,171.519198
330.684031,143,171.737999
450.536266,263,172.10041
331.747899,155,172.319109
373.947046,205,172.620295
326.625871,172,172.867634
300.059249,156,173.084131
151.749155,80,173.19348
80.290437,244,173.660045
355.192805,191,173.926185
360.49101,236,174.25423
309.536128,133,174.441688
382.158329,219,174.765505
253.005047,120,174.928897
237.736239,118,175.085108
348.48841,197,175.366286
440.882869,224,175.694424
681.360114,517,176.525227
272.575158,123,176.709121
318.806559,172,176.949981
308.11616,143,177.153024
456.724525,220,177.465485
299.437183,179,177.735855
490.415143,283,178.129543
47.018564,200,178.410727
354.08887,158,178.646157
312.380486,163,178.882525
361.712138,220,179.194106
306.177251,147,179.397151
314.36131,128,179.678366
319.944919,170,179.918323
355.707889,186,180.183852
397.120315,232,180.5119
385.120533,161,180.755305
342.674814,180,181.0085
240.685884,115,181.164716
337.9436,151,181.383412
258.090634,138,181.58644
397.597789,192,181.850204
294.081175,160,182.084557
328.298229,176,182.334499
209.079741,113,182.606066
281.453298,146,182.818498
432.355084,190,183.088175
339.402188,184,183.338117
178.920791,86,183.463088
457.702139,248,183.834164
303.713036,164,184.05964
398.889547,203,184.340824
369.660427,213,184.659309
303.361018,143,184.866754
470.1812,225,185.175626
345.448619,176,185.425567
290.079411,124,185.725293
516.255252,231,186.053852
301.425726,139,186.241274
325.69644,189,186.522491
413.730733,222,186.844082
299.67307,139,187.037708
380.88686,170,187.272031
571.182057,258,187.650494
372.441493,168,187.878733
388.435564,207,188.17554
570.957948,294,188.71537
299.151189,132,188.897319
460.637516,184,189.162881
437.042265,198,189.428444
352.770944,255,189.805808
288.696658,129,189.978124
450.11715,250,190.337416
249.743409,128,190.509251
476.729853,225,190.843447
135.45153,76,190.949627
127.873104,241,191.277675
303.591618,137,191.480753
391.853529,195,191.875161
405.345485,206,192.160493
228.73872,125,192.332328
407.518964,201,192.624962
361.708786,153,192.845375
530.344958,209,193.132356
272.3691,135,193.319811
153.365612,290,193.741737
490.34673,254,194.099514
519.53631,231,194.411938
525.966776,263,194.916394
238.927451,117,195.072608
556.962553,232,195.400655
410.194723,167,195.648722
467.391975,248,195.995389
391.258707,159,196.229709
267.775397,132,196.401543
371.004203,165,196.651508
356.791821,151,196.869039
547.106182,227,197.181468
510.364669,276,197.692068
394.6547,178,197.94988
538.542835,288,198.35607
449.992333,279,198.756707
283.475232,133,198.941968
478.171664,235,199.269982
409.280999,192,199.535577
428.431683,230,199.879369
363.767861,160,200.101171
326.657618,159,200.319837
485.271633,204,200.718947
530.443429,300,201.146574
427.510674,192,201.412136
422.045706,197,201.696836
280.190269,139,201.879261
432.05409,179,202.14479
450.152956,162,202.363522
459.786151,266,202.75157
447.161633,283,203.147567
487.774589,265,203.522511
427.272137,179,203.89085
473.828088,186,204.156415
460.787065,238,204.484464
494.956074,198,204.779343
488.595538,253,205.137782
474.676444,255,205.497073
406.962538,218,205.818902
368.462898,142,206.019433
492.795928,300,206.441208
614.809677,229,206.881141
520.176882,227,207.194675
605.409212,276,207.595967
348.901675,154,207.818372
381.867009,176,208.052526
322.134909,146,208.271228
281.93009,156,208.489926
308.77805,127,208.671612
47.089959,167,208.910105
364.320314,143,209.113186
283.695751,125,209.285018
149.817286,73,209.378711
467.170755,208,209.797922
701.604499,283,210.200478
472.326747,194,210.466041
132.991692,80,210.590685
386.014653,166,210.830045
512.529601,195,211.103396
554.814304,208,211.384581
251.508449,117,211.556417
356.808811,208,211.862766
409.778975,180,212.106219
312.56433,147,212.324918
612.370984,243,212.78072
665.918567,242,213.120736
505.509732,195,213.401921
594.725452,260,213.781082
348.189923,151,213.985313
345.505411,165,214.219634
443.28983,181,214.485196
399.787702,171,214.735189
559.238381,242,215.068728
385.72752,151,215.287427
399.327864,147,215.506127
522.723202,227,215.941415
627.314311,242,216.274268
511.317397,208,216.575458
59.044406,171,216.818967
457.126693,226,217.131406
592.691728,217,217.443855
397.596249,194,217.726236
199.507965,98,217.86586
622.323319,283,218.259618
647.527503,350,218.874539
496.794553,193,219.143204
486.067117,179,219.393146
461.849735,180,219.660185
52.743386,159,219.879696
132.844801,72,219.989049
735.738298,291,220.395204
492.7455,247,220.757879
631.361172,281,221.147341
115.656989,61,221.24107
572.528461,276,221.631603
584.953614,389,222.294093
317.2854,156,222.512792
411.073507,202,222.83111
642.721748,240,223.164655
351.038892,166,223.398975
604.677983,264,223.790583
334.263919,170,224.021701
410.90902,164,224.256022
627.650209,295,224.683547
569.38874,195,225.072244
125.099952,71,225.170558
700.023654,282,225.578218
355.103313,158,225.806645
264.024029,127,225.982017
497.709399,233,226.310064
376.768571,165,226.544387
307.825242,144,226.760574
625.944578,303,227.191783
346.454807,152,227.394862
401.457007,160,227.635909
256.135946,108,227.80343
592.32157,208,228.246815
353.153128,157,228.465514
558.917534,197,228.773787
294.68371,173,229.084135
656.409336,234,229.412215
734.736384,292,229.832085
501.275069,227,230.160166
479.86321,211,230.456974
418.072616,166,230.706319
590.062809,255,231.178491
663.584265,284,231.585446
1033.458645,370,232.103236
494.032397,210,232.400041
130.61844,71,232.509392
566.565535,238,232.858589
802.554528,342,233.3404
358.39524,196,233.622129
480.573062,190,233.895184
1383.609137,637,234.914543
313.72442,129,235.084837
201.464315,139,235.287914
756.21689,285,235.696125
647.315851,241,236.037312
467.39185,223,236.349738
159.858303,281,236.760359
244.939933,108,236.910043
664.036634,278,237.415402
456.541738,258,237.796474
203.668122,93,237.91333
200.887776,130,238.10079
895.930724,324,238.553773
880.285066,382,239.103042
560.225814,202,239.384227
424.226079,174,239.643945
548.316763,244,239.988994
475.400989,282,240.493898
871.478445,330,240.957921
632.662435,219,241.270345
293.779439,120,241.442179
277.28051,252,241.809284
155.01638,78,241.920985
347.620264,174,242.163387
796.565753,289,242.576143
223.389637,95,242.711812
729.078767,289,243.224581
672.300205,286,243.641339
603.547468,213,243.941061
991.868965,395,244.487806
524.765865,217,244.807291
550.809757,240,245.150995
389.473886,149,245.354039
819.989095,327,245.830456
658.426011,262,246.306941
722.664922,285,246.71491
987.981836,355,247.215351
740.288118,289,247.629956
663.424434,274,248.012945
604.03432,226,248.341025
495.811824,223,248.656561
571.986845,267,249.038268
890.55392,339,249.628523
679.814474,246,249.974062
406.194303,180,250.224005
843.216203,303,250.655988
676.612179,249,251.004167
531.343311,244,251.347836
979.408865,412,251.928737
281.400874,120,252.100605
22.287278,135,252.397379
759.227603,314,252.85298
765.817039,351,253.337715
833.780034,350,253.85167
653.054341,236,254.184193
631.283348,279,254.577284
652.452612,255,254.94208
890.260344,330,255.524749
616.37919,257,255.893085
487.349493,222,256.194712
942.572613,367,256.723638
763.248609,288,257.11504
978.860457,376,257.659672
686.213209,308,258.082037
392.642685,143,258.410067
768.24168,313,258.854092
342.61463,141,259.057169
586.950217,237,259.385218
658.987724,236,259.732617
530.176706,250,260.072441
492.681233,214,260.384868
407.660344,176,260.660486
602.051742,210,260.95016
694.84292,279,261.465665
695.754949,255,261.834268
829.991011,339,262.3097
1015.657596,408,262.893218
595.794511,287,263.28852
1078.133852,461,263.943177
275.483194,134,264.130633
1072.273231,433,264.868626
857.434737,292,265.274601
915.787695,338,265.759433
561.570393,248,266.100571
222.434889,209,266.397376
868.858015,370,266.915738
518.520309,250,267.384409
864.624159,328,267.860675
695.880989,268,268.231124
1684.205175,725,269.254388
715.066154,234,269.589116
120.28404,69,269.686817
640.722599,258,270.038654
322.635971,136,270.241697
428.629007,222,270.675834
616.093947,221,270.990088
643.901091,231,271.318136
874.479377,321,271.769175
864.437385,344,272.253439
705.998756,271,272.654049
751.004254,322,273.099924
137.118119,75,273.209273
257.82831,111,273.474834
1238.89193,492,274.181731
673.491259,274,274.578824
937.325924,326,275.044006
784.7646,305,275.465817
908.828883,365,275.988272
1051.924343,413,276.691406
830.097962,358,277.194425
628.277119,247,277.553749
797.229213,283,277.959696
429.806237,160,278.178397
1128.158091,497,278.894356
567.972708,237,279.222406
734.212546,293,279.744391
531.504599,189,280.009952
1047.821946,416,280.612618
634.041759,287,281.025266
325.00497,291,281.431422
494.351222,237,281.778313
1160.148918,454,282.528281
513.449299,207,282.829806
933.730322,368,283.347415
651.771103,264,283.725089
680.452367,287,284.131723
869.291239,334,284.603427
1013.245636,397,285.15663
614.771022,247,285.62104
413.006762,197,285.897685
786.729272,297,286.319462
584.890214,222,286.634724
443.555788,195,286.91307
549.699441,235,287.241119
588.767639,246,287.589932
906.729905,318,288.041133
862.824197,314,288.595531
898.727403,341,289.074994
1170.843593,458,289.743809
866.689236,341,290.22322
557.898391,217,290.535647
734.550352,296,290.960685
1001.134346,372,291.604199
665.80547,235,291.927803
306.209397,266,292.318336
965.31667,380,292.84794
1070.542169,396,293.410309
635.558646,266,293.802251
982.770792,425,294.397337
190.634313,87,294.636337
960.252814,392,295.181277
667.012109,288,295.605101
1098.145841,368,296.121474
484.374585,367,296.652766
316.983288,130,296.840264
709.075112,319,297.285434
701.915492,255,297.774466
888.475769,312,298.210358
1424.315994,542,298.990011
473.43287,192,299.255573
729.422441,287,299.67355
492.921817,286,300.081973
460.454254,198,300.347536
390.64662,322,300.928833
863.170922,341,301.413092
1390.024651,506,302.134695
746.235256,282,302.525229
598.463135,267,302.918801
715.716645,284,303.30937
846.594457,304,303.89556
582.792709,222,304.207992
1076.008622,477,304.944449
555.424849,212,305.256872
783.969224,355,305.770166
984.154629,342,306.239737
1059.708594,374,306.894223
485.079,204,307.179651
691.225614,254,307.53894
649.025545,314,307.990911
1014.140036,370,308.506414
736.672464,248,308.86866
442.940859,177,309.118635
483.782884,173,309.368576
906.167938,358,310.001529
1250.245328,454,310.64533
664.950061,260,311.013425
712.558704,285,311.41958
802.892047,284,311.837542
513.417582,192,312.101226
902.99582,330,312.577236
673.531645,240,313.021461
894.009614,334,313.494181
544.170062,212,313.800649
878.981513,343,314.284896
974.893387,344,314.769161
845.700704,351,315.25342
786.500444,302,315.694947
151.255305,267,316.185982
968.327714,362,316.70661
710.531369,254,317.05977
645.259611,261,317.434683
865.332419,311,317.879003
594.082433,187,318.144567
780.527101,315,318.590615
699.445919,244,319.038255
808.985161,262,319.420241
463.182754,187,319.691507
1048.394918,418,320.272068
204.858556,94,320.412658
101.718654,223,320.740798
1083.571557,553,321.51972
610.837975,225,321.944646
932.116344,372,322.479681
261.684913,111,322.639616
218.565498,103,322.789213
316.202604,129,322.962833
1061.323614,402,323.525205
875.338861,331,323.996782
941.446096,358,324.512287
754.26444,282,325.020103
844.89189,310,325.462841
260.202852,109,325.626409
228.290585,100,325.77102
698.968615,283,326.163151
697.319428,247,326.522442
862.310172,342,327.006379
529.783446,217,327.318805
1011.821984,438,328.050103
867.786561,300,328.477401
243.317841,359,328.99104
385.35823,166,329.22536
688.539856,298,329.656913
692.082344,272,330.041247
982.548241,339,330.509887
573.299542,198,330.806114
1451.113427,593,331.759267
889.735879,315,332.191534
928.609561,392,332.762362
620.393663,262,333.132229
966.869431,360,333.64097
928.563579,331,334.21328
756.304893,307,334.658719
779.375923,274,335.039817
756.075109,281,335.445971
1021.499888,360,335.959411
119.98339,80,336.068761
1111.886547,381,336.610929
1012.674196,419,337.311329
479.757963,194,337.595202
580.58583,200,337.88443
873.263932,313,338.324651
556.855998,221,338.640857
994.178734,335,339.113681
717.509935,242,339.45735
849.192593,316,339.91415
750.506707,239,340.354926
687.786041,266,340.735557
100.386305,229,341.052461
511.246882,183,341.318023
727.095135,282,341.718961
151.794007,278,342.112601
537.694542,182,342.362537
805.765283,292,342.786459
739.771534,302,343.325135
900.503101,331,343.849826
640.239957,239,344.196939
776.488321,311,344.648066
156.788663,80,344.763724
816.175814,291,345.16846
759.045376,298,345.601976
699.899691,264,345.973126
377.706544,136,346.269932
763.977604,272,346.668618
769.670155,313,347.116549
1310.733183,426,347.727514
1026.014385,358,348.224323
1235.30479,444,348.863115
671.412131,262,349.347412
200.745974,94,349.47804
773.857404,248,349.834356
1051.419304,356,350.334239
234.803742,105,350.490451
739.056207,261,350.869292
787.423705,305,351.291247
724.349564,269,351.676547
685.437892,235,351.997174
746.358068,300,352.532702
975.796293,337,353.020213
285.924601,123,353.192047
356.634022,140,353.395126
1132.075077,355,353.900474
713.095427,275,354.28792
577.861662,221,354.599444
957.998478,350,355.193608
869.53664,292,355.618987
251.957749,110,355.776565
1124.979959,501,356.477412
703.578051,258,356.850218
1090.042529,421,357.443795
771.597673,276,357.851432
731.247704,258,358.322598
514.604436,223,358.645388
922.414579,340,359.121894
1025.367894,320,359.582452
965.182649,342,360.069446
758.53223,249,360.413113
725.237918,256,360.786071
920.619019,340,361.366201
1051.054195,339,361.866822
796.303774,289,362.27187
310.152729,126,362.44367
997.066328,357,362.957117
1005.864426,329,363.410137
904.978897,309,363.86606
572.584568,185,364.116035
843.310816,284,364.642051
1332.008489,443,365.274706
1207.633788,435,365.898036
955.097789,326,366.356482
1030.282708,391,366.910291
1671.889955,560,367.825377
431.921158,154,368.038663
1106.232934,415,368.630023
1080.866837,415,369.208931
1257.109701,403,369.785378
997.856141,443,370.525373
585.551903,190,370.809037
568.456009,228,371.116021
1012.904934,350,371.624264
852.839284,298,372.044566
961.870772,415,372.632177
267.816105,112,372.792749
751.386314,272,373.168524
882.048375,305,373.724882
583.553741,233,374.050471
1001.751453,332,374.51911
1019.099941,377,375.053492
740.36295,263,375.428404
763.850027,256,375.798787
1114.474579,407,376.474629
829.151773,319,376.946217
425.964138,315,377.383649
920.155913,337,377.8658
774.632635,304,378.303201
716.625431,259,378.671822
691.15189,257,379.025704
254.445673,108,379.181918
1465.490854,549,380.106702
1130.839671,362,380.677501
943.060172,316,381.138762
616.538196,242,381.482399
138.078107,82,381.604431
954.269134,320,382.053751
970.289737,322,382.626468
307.861667,120,382.801004
1095.371985,452,383.42798
1376.107347,464,384.082076
884.608796,354,384.593174
1181.585152,399,385.147719
646.164098,236,385.597721
963.737093,319,386.040948
283.754754,115,386.212783
996.129859,379,386.753002
702.503122,258,387.106134
624.203033,217,387.418561
325.593593,132,387.609237
756.462008,236,387.942097
933.253258,311,388.379496
873.180268,279,388.889502
908.052429,312,389.319104
763.050794,255,389.691151
1271.016624,474,390.349792
1753.587642,620,391.237718
875.974434,322,391.812537
796.882014,281,392.193556
1153.056835,372,392.732436
650.032412,243,393.072258
1300.983587,490,393.768073
1672.304472,564,394.671257
716.899627,245,395.019461
818.185557,290,395.425615
1403.276722,458,396.084982
1023.688386,350,396.578632
1179.205917,377,397.100036
872.656303,284,397.621392
1034.823788,326,398.081599
830.900208,264,398.440891
1115.078281,379,398.990593
94.405666,205,399.271811
657.5751,220,399.592876
896.872309,306,400.025577
784.156896,252,400.369247
611.825141,237,400.834062
278.631352,117,400.997067
807.199861,286,401.387566
813.451569,318,401.857535
2364.524112,856,403.069247
285.214108,119,403.225463
806.103105,271,403.734093
919.507589,331,404.193669
814.767692,285,404.607332
261.45875,117,404.769138
994.012465,340,405.237812
639.094432,234,405.581187
1331.494433,485,406.257124
1037.347846,401,406.947325
1052.482568,387,407.494072
692.078273,267,407.887784
874.175495,293,408.29372
174.093788,87,408.418689
599.347864,214,408.730945
928.806236,283,409.128658
919.670405,296,409.660275
1045.966777,322,410.116136
967.635076,322,410.574512
1926.739845,755,411.649185
1197.605007,384,412.190782
1120.957733,399,412.865835
791.937946,296,413.287611
839.026849,311,413.738672
1834.034354,599,414.582802
1439.67012,480,415.262682
798.570605,255,415.738071
2593.131822,902,417.006923
741.748436,232,417.334969
856.095173,296,417.771172
1117.214284,369,418.287481
1571.83857,514,419.11838
1475.046257,522,419.866117
825.833046,262,420.24103
1181.878715,403,420.813789
578.207264,195,421.087532
662.432363,247,421.431205
927.893994,343,422.027698
790.571158,272,422.418232
2369.331292,810,423.551078
2588.812699,935,424.990218
1635.137505,523,425.729645
1009.288285,341,426.207041
763.069508,268,426.586647
1470.652658,513,427.303401
1027.322647,335,427.931144
786.610215,281,428.337298
1495.311082,488,429.028677
255.409927,110,429.184891
1174.224045,372,429.717475
1373.66243,496,430.410301
1192.349322,384,431.0697
590.587948,204,431.37763
1460.237805,529,432.146694
538.796335,183,432.396635
790.953443,296,432.832025
747.614645,308,433.269425
2636.794193,901,434.668796
805.5937,285,435.072562
1519.662189,535,435.837198
2081.547496,664,436.879031
336.032544,131,437.071445
812.956791,308,437.493221
723.803959,223,437.828286
1569.449907,528,438.567444
748.94219,264,438.943605
1425.396113,450,439.570929
1346.357964,442,440.320722
1318.407898,439,440.960176
768.136201,260,441.319468
283.896529,118,441.491271
894.325581,321,441.9478
804.453953,246,442.291437
211.246801,97,442.432063
1628.353471,564,443.351195
1079.233185,346,443.847752
717.894913,243,444.191209
243.061342,105,444.331802
771.010366,265,444.71648
1316.597048,493,445.413292
1452.2225,468,446.183862
1015.198488,346,446.681503
1820.207295,707,447.683795
995.564796,341,448.163211
1486.978138,482,448.962773
2570.12141,864,450.184396
1564.82028,496,450.894206
2826.946035,903,452.277328
1808.556574,561,453.068739
1888.446443,621,453.941044
2936.215277,1000,455.494547
1436.509792,458,456.197408
89.983166,202,456.494244
956.387353,332,456.965916
1123.506272,350,457.4658
1140.750536,369,458.097555
1357.31164,460,458.755034
997.193269,325,459.209929
892.330365,273,459.596557
847.430912,266,459.975037
1309.100556,425,460.55303
1538.896365,502,461.382274
211.786064,97,461.522866
1111.550568,369,462.03827
1420.312209,433,462.661507
1354.872252,453,463.29089
980.245012,319,463.758957
759.929456,263,464.237231
1798.961758,558,465.029281
525.232392,172,465.279223
100.671346,67,465.372952
1690.619789,533,466.131731
1969.665333,707,467.256033
493.488002,164,467.478824
325.636345,124,467.665701
280.907214,115,467.845254
2470.423599,795,468.975104
2009.416974,632,469.869478
1329.472246,399,470.545196
2799.302927,1000,471.988163
1423.730021,424,472.591476
244.834857,105,472.744071
1269.952574,412,473.434927
1075.87093,367,473.958638
792.320776,272,474.333549
1371.434733,434,474.956352
689.303156,231,475.2844
1351.796322,483,475.975816
2806.702157,977,477.462605
1333.192809,431,478.074697
673.677025,277,478.46523
1988.902931,629,479.477196
2931.965766,1000,480.896398
939.144992,340,481.380696
1103.60794,359,481.880579
1127.977936,364,482.511819
1249.002447,456,483.162907
866.624674,303,483.59831
741.058533,251,483.962456
1686.492073,532,484.711834
724.389212,233,485.043382
1060.986304,354,485.654808
1487.826166,545,486.419089
1082.886379,351,486.928875
828.223816,253,487.272546
1389.911444,439,487.906897
771.289939,260,488.375538
702.97518,230,488.715409
928.391118,292,489.128675
1992.519191,642,490.034713
955.159449,322,490.487733
1372.328054,430,491.103846
659.802003,224,491.531403
947.380034,330,491.997221
1130.508912,344,492.481483
1436.762503,1000,493.928764
1429.613354,448,494.674644
2966.406016,990,496.065619
571.576035,193,496.331182
889.824224,294,496.76541
1167.358136,382,497.412986
889.500682,284,497.824078
2792.421383,1000,499.23122
1443.530035,434,499.850499
1191.174224,383,500.495054
1482.843814,463,501.147518
1774.484376,564,501.943783
1611.384332,519,502.684186
1021.762385,372,503.315834
996.683898,347,503.8181
1177.037683,392,504.365985
916.661514,297,504.797784
1358.683804,426,505.399859
1159.962887,377,505.933998
984.245481,316,506.480746
1346.002827,467,507.153967
269.557082,382,507.701826
2710.790873,941,509.021685
3085.412965,981,510.524429
2786.996208,1000,511.947727
1095.025494,376,512.600569
891.788975,313,513.04379
1172.402741,378,513.575221
1467.449313,461,514.22225
1404.330688,442,514.849663
2062.438653,642,515.871644
1157.016803,393,516.427837
1042.847104,340,516.910135
1543.865188,479,517.58759
1156.408019,382,518.115896
1936.335606,612,519.103711
1360.792461,408,519.686552
1748.231261,548,520.465786
1751.135546,517,521.191206
3028.504199,1000,522.731155
2945.352806,908,524.003579
1853.578769,549,524.897895
1175.185463,383,525.429021
1345.350116,422,526.041188
1675.756094,528,526.788254
1885.136057,550,527.678207
2572.418876,1000,529.085063
1882.260899,608,529.938575
2289.039774,821,531.241045
1648.726138,523,532.068883
1261.120184,407,532.651379
1005.064629,350,533.150088
3114.45427,1000,534.681561
1458.250131,497,535.379009
1004.929529,330,535.854186
924.878355,305,536.272749
2360.927641,747,537.443844
1727.597604,546,538.222265
761.128519,241,538.573282
985.519498,319,539.021808
1408.05287,448,539.777325
1685.905912,526,540.509679
1136.047407,373,541.043699
978.638068,364,541.576231
1592.830752,475,542.238807
3068.249868,1000,543.782177
1005.27725,316,544.225023
1772.771116,596,545.065927
1080.444178,328,545.647979
3157.256897,1000,547.056711
2798.043625,878,548.325012
964.783302,306,548.879636
925.346354,293,549.285791
1585.272168,506,550.022308
1902.514565,1000,551.443501
1536.792489,472,552.227211
1243.615339,379,552.771686
2404.474368,798,553.900492
2592.919775,835,555.199996
1034.222167,357,555.705957
3157.756382,1000,557.115976
1170.626019,370,557.756451
1985.001924,600,558.607715
1423.884894,427,559.211539
881.166065,300,559.641031
1801.271395,551,560.412267
345.801479,132,560.603747
3069.124034,1000,562.121826
2360.198698,730,563.145098
910.157286,298,563.579177
2534.783494,777,564.801026
2349.651874,733,565.832253
2521.488565,791,567.05913
3161.050869,1000,568.478585
1574.437406,458,569.121968
1445.545373,451,569.878654
2526.138577,763,570.959828
1746.367034,542,571.725064
1469.977676,450,572.349736
2947.934653,878,573.706818
2374.612641,732,574.74134
1122.339028,338,575.212779
2988.05992,1000,576.743813
3272.052543,972,578.101306
3229.596894,1000,579.631237
3059.5751,926,580.928801
3078.167445,1000,582.45174
3123.563353,1000,583.867148
841.73794,293,584.269809
1470.853788,462,585.028278
2082.838969,641,585.943491
1808.717214,574,586.76324
1759.613674,568,587.550414
2979.869266,1000,589.088066
3082.323753,1000,590.497072
3139.942511,1000,592.038841
953.635998,324,592.491853
895.106821,284,592.896513
631.30008,213,593.193351
2319.344233,713,594.306145
2964.77923,1000,595.724699
987.035527,328,596.193339
2969.64382,919,597.61727
1437.440786,435,598.222339
881.780304,290,598.647189
1109.611446,332,599.115993
2937.235458,1000,600.645446
1642.926588,530,601.384176
898.751376,284,601.804334
3278.521369,1000,603.312028
2087.813636,623,604.200483
1126.796724,349,604.701469
1113.473902,363,605.207147
1774.764046,535,606.118616
1094.199803,318,606.556014
1443.445302,460,607.271193
3313.11072,1000,608.695828
3209.973513,1000,610.212635
3434.01466,1000,611.626109
1731.981367,539,612.509763
166.963071,285,612.927717
1925.630765,585,613.754182
919.655183,259,614.115639
2031.695341,608,615.082043
2452.575639,1000,616.506246
2722.601478,874,617.742733
1161.239992,352,618.346518
3336.600707,1000,619.769177
3345.22115,1000,621.292696
3122.813123,1000,622.708824
3285.193058,1000,624.218908
1402.284336,457,624.882143
3238.595129,1000,626.285056
3058.873447,1000,627.826571
867.0147,261,628.193261
3028.213111,1000,629.607312
3105.607383,1000,631.134243
3210.866395,1000,632.544173
852.790909,277,633.051044
3290.184359,1000,634.475442
2549.658766,735,635.506075
1183.402722,371,636.143913
641.013864,200,636.430307
1050.487065,310,636.865591
1950.030623,587,637.690571
1008.920909,314,638.119141
3480.753822,1000,639.654479
1748.368183,494,640.347618
1329.826773,416,640.944489
1006.567002,298,641.350645
2627.35256,757,642.541744
984.536154,373,643.071589
1171.5785,355,643.577961
3423.212223,979,645.072002
918.282628,269,645.45159
2060.054742,637,646.340917
965.972632,301,646.775081
2457.012315,715,647.776129
2337.536412,682,648.845059
3409.569042,1000,650.238353
2835.27484,834,651.527113
1228.888383,370,652.056203
1289.761145,370,652.583369
1735.736893,513,653.309135
586.660738,189,653.57918
1447.92029,420,654.275623
588.90286,201,654.556808
2444.103834,698,655.53834
955.608271,287,655.95868
2228.161084,693,656.940775
1627.777356,498,657.764496
713.173038,223,658.08502
3011.170352,873,659.306906
1764.874018,516,660.157363
2017.542031,573,660.972694
3299.671501,1000,662.397614
1816.067225,529,663.265802
3418.745717,952,664.611463
90.393645,213,664.91274
1423.729577,407,665.490731
3404.094048,1000,667.012604
1807.553579,549,667.829877
3523.142857,1000,669.397965
2181.714988,632,670.271072
2032.13443,612,671.129117
1718.092643,501,671.834967
2034.871595,589,672.788939
1657.915591,474,673.446839
2040.089946,1000,674.878615
2432.780961,699,675.975595
3318.428516,1000,677.396727
2267.370101,671,678.461969
3383.948873,1000,679.868668
1716.968411,522,680.617878
3022.208209,853,681.966125
3173.772032,1000,683.444386
1760.374908,542,684.209401
3367.590755,1000,685.755056
1348.862105,402,686.318878
3148.26248,1000,687.848622
3292.632407,1000,689.247226
3296.12716,1000,690.766358
3312.396493,1000,692.160286
3440.146394,1000,693.681267
2399.286116,679,694.644145
3300.143834,1000,696.060283
972.993267,289,696.583432
2538.584885,723,697.608383
3650.033551,1000,699.019788
1577.35342,456,699.781524
1453.0586,444,700.397516
2172.298609,601,701.243955
1401.520657,408,701.823805
1245.481788,366,702.449821
1178.556134,340,702.941414
2109.058842,669,703.890869
1100.012576,328,704.350602
3282.465558,968,705.831551
1428.790021,424,706.425196
3417.198709,918,707.734524
1264.243449,365,708.244149
3448.495233,1000,709.783854
1133.388501,351,710.270259
3210.149883,1000,711.813049
3404.939498,1000,713.222143
901.174301,294,713.638983
3404.405012,1000,715.150295
1380.596795,403,715.734048
3388.153747,1000,717.129649
3453.766371,1000,718.67746
962.848876,300,719.100024
3037.880563,852,720.294182
866.700383,262,720.791889
1579.405798,473,721.447986
2045.322197,595,722.290409
3172.469194,913,723.712312
2665.495214,1000,725.11639
1738.278691,512,725.853247
2321.138611,674,726.909978
3536.979408,1000,728.303316
1034.760396,305,728.747776
1636.877622,489,729.540274
3572.232394,1000,730.957061
657.924809,219,731.269486
1235.364503,369,731.792052
2388.751057,668,732.848991
3010.051772,850,734.034731
820.967429,243,734.378401
2851.688518,792,735.611744
864.288073,258,735.978524
2795.869947,805,737.106184
3621.299789,1000,738.653135
3489.772797,1000,740.053016
3243.915785,1000,741.581938
2046.925498,576,742.381779
1254.072333,368,742.915873
2713.227433,779,744.012242
2796.511511,799,745.254218
1108.885096,347,745.755918
1068.621289,348,746.241984
2798.853567,810,747.49038
1268.843276,535,748.268817
3436.644869,1000,749.688417
3128.114842,1000,751.199682
3282.573082,1000,752.603105
3518.867873,1000,754.11532
1595.886853,534,754.863487
3316.139419,966,756.209759
938.314983,278,756.790871
1664.252222,526,757.524881
3045.836684,871,758.848319
1051.418593,318,759.285512
3426.778418,1000,760.826914
3429.621536,1000,762.237627
3524.672876,1000,763.768857
3132.478518,864,764.981715
1856.615115,526,765.853977
3089.060366,916,767.132115
1304.021392,379,767.673694
2914.307788,806,768.915597
1985.414488,578,769.740615
1273.60999,378,770.272566
1353.907516,414,770.868989
3531.188033,1000,772.387269
3430.994092,1000,773.818463
1985.776555,570,774.741767
2258.781462,699,775.726644
3369.372101,1000,777.131591
3633.49069,1000,778.670496
3435.325241,1000,780.081903
3427.214888,1000,781.620418
3023.55872,1000,783.03528
326.238966,125,783.207114
2838.325096,865,784.543899
3237.802637,956,785.898355
3380.644352,983,787.410329
1651.495252,463,788.054366
3550.907227,1000,789.474617
3454.877697,1000,791.010698
3135.590497,844,792.196775
3441.192842,1000,793.742205
3394.344915,1000,795.147574
1732.595605,504,795.975144
3436.068013,1000,797.39916
3540.459312,1000,798.931829
3020.569031,824,800.106789
3504.555794,1000,801.519745
2193.623183,621,802.521271
3674.489766,988,803.925666
1614.152539,456,804.566139
3452.186711,1000,806.085906
1427.540544,431,806.707216
296.191333,115,806.873772
1365.349119,380,807.403018
3490.789385,1000,808.92867
3529.990978,1000,810.349898
477.815433,168,810.590455
446.090684,154,810.925303
1151.401553,346,811.399688
424.851616,156,811.634961
1496.048181,429,812.225729
1263.731365,372,812.769229
3394.002621,1000,814.283673
3442.281847,1000,815.717574
3478.828408,1000,817.24586
3398.428522,1000,818.659431
3597.642512,1000,820.171174
249.464018,104,820.327387
3570.898045,1000,821.749083
1754.896378,485,822.425597
3006.662471,832,823.727282
1847.821392,520,824.459308
1653.566704,477,825.128942
2813.973725,794,826.372192
2584.524646,755,827.429377
2815.944628,776,828.543404
2849.375699,806,829.84018
3497.86056,1000,831.235177
2521.30336,694,832.387928
3413.773642,935,833.771048
2005.901889,593,834.606158
1702.304137,476,835.39249
1193.330732,357,835.894548
2397.969024,682,836.872859
241.035189,100,837.00691
2590.315708,688,837.985134
1415.116398,425,838.70615
3762.251188,999,840.109249
1920.041245,559,840.899863
2501.314014,700,842.012723
3569.875911,1000,843.425524
3541.2424,1000,844.959012
3039.85579,872,846.191133
3574.66546,980,847.702458
973.284989,293,848.119059
1012.146704,308,848.556458
1055.911142,301,848.981635
1551.913833,452,849.633446
2542.564962,737,850.793928
1382.194992,391,851.334821
2076.115838,581,852.162752
3590.228603,1000,853.695712
1953.911138,555,854.475585
260.121314,108,854.632972
1047.688418,311,855.072553
916.928222,275,855.463087
3781.292653,1000,856.988019
2399.086973,661,857.916475
973.890769,281,858.303559
1377.6075,389,858.855726
2467.282166,681,859.93824
684.285858,208,860.227514
3670.009991,1000,861.639224
3081.145936,869,862.981793
2421.237619,696,863.957242
3603.992557,1000,865.481522
3574.933359,1000,866.894388
2696.437999,763,867.959574
1346.495425,408,868.65746
3446.825732,958,869.996583
3709.314613,1000,871.525898
1865.651502,537,872.288037
3168.407556,854,873.49041
3731.06445,1000,875.022095
1808.154965,497,875.709432
3582.365984,1000,877.231524
3554.830802,1000,878.663444
3655.577485,1000,880.078741
3468.542717,1000,881.610946
3357.402292,1000,883.009574
3642.828619,1000,884.543244
3530.060279,1000,885.959827
3627.037111,1000,887.490505
3575.419456,1000,888.89715
2713.312971,747,890.071963
3602.187635,974,891.449497
1342.092832,413,892.035323
3685.216976,1000,893.585289
3617.886999,1000,894.99374
3467.868008,1000,896.522181
1498.451523,424,897.134265
2295.460184,633,898.028579
3663.483631,1000,899.55013
2616.237543,724,900.589247
2582.684781,746,901.769328
3087.089321,847,902.959245
3641.788529,1000,904.478384
919.195902,299,904.919419
3539.280084,985,906.294141
3710.467206,1000,907.86718
3771.023304,1000,909.331257
3729.257644,1000,910.868934
3141.982605,872,912.090316
3653.600591,1000,913.630029
1178.281327,334,914.101238
3345.767547,878,915.334067
3541.482515,1000,916.86613
1681.950348,477,917.537849
3636.82221,1000,918.950575
2992.761709,817,920.222767
2067.098669,606,921.069506
3611.412875,1000,922.605636
185.562716,86,922.7313
3595.265234,1000,924.131263
282.665716,114,924.303097
3531.914412,1000,925.841142
2103.482848,577,926.651351
246.049714,103,926.800958
3672.277855,1000,928.194306
3533.218155,1000,929.741063
2726.244397,740,930.776634
3687.176141,1000,932.306406
2540.809613,773,933.402844
3206.577368,887,934.796676
3774.724113,1000,936.349637
1432.866242,401,936.925976
3698.841931,1000,938.465623
3535.063618,1000,939.881221
3569.193306,1000,941.399477
3586.44319,1000,942.827494
1957.929801,555,943.60898
1446.431616,468,944.38401
2920.696856,770,945.475476
3531.282641,1000,947.001264
2189.345925,595,947.855211
1941.906506,534,948.605938
1259.662855,353,949.116708
3663.218554,1000,950.649579
3453.482557,1000,952.068994
3732.234992,1000,953.595243
2793.159536,760,954.666892
2008.418428,547,955.426236
3599.643705,938,956.87974
3768.703687,1000,958.285089
3298.816394,891,959.668594
1372.261829,407,960.235997
2636.519021,713,961.246645
928.840009,278,961.645015
3643.916765,965,963.116045
988.426995,310,963.553446
3732.143668,1000,965.070535
1261.97418,366,965.599755
3520.203616,1000,966.994508
1258.872356,395,967.556875
3620.394647,1000,969.081826
3559.368085,1000,970.507152
1146.683764,335,971.089573
1050.837475,304,971.527005
3591.037601,1000,972.928564
204.141117,92,973.053535
3562.698559,1000,974.582718
3762.69373,1000,975.988499
2311.280345,633,976.991547
2511.827309,677,977.943363
3567.531519,1000,979.347216
1169.558809,358,979.975045
3673.222119,1000,981.369505
3673.212941,1000,982.927006
330.371564,130,983.103541
3511.09474,1000,984.584828
3664.570559,1000,986.097086
2868.224791,788,987.20957
3759.38714,1000,988.615439
1728.074931,474,989.393179
280.897169,115,989.549391
1272.426386,350,990.050612
3596.81525,934,991.350563
2668.054692,707,992.465208
3774.620287,1000,993.88138
1468.194251,399,994.443754
250.928226,104,994.599059
299.899153,123,994.776584
1074.529771,332,995.358471
3746.681846,1000,996.765712
3004.212816,799,998.007428
162.00791,84,998.116778
3725.428129,1000,999.522038
2455.751795,658,1000.441631
277.680728,113,1000.609866
3605.825306,1000,1002.134249
1490.514234,410,1002.711768
1261.169597,346,1003.199578
2526.083544,671,1004.25978
952.174986,279,1004.657373
1436.492289,394,1005.209991
3790.745938,1000,1006.619989
3572.132714,1000,1008.132028
3578.195982,1000,1009.541579
3808.062698,1000,1011.066705
1570.976836,434,1011.68215
1696.867531,492,1012.367098
2297.67976,633,1013.370429
1775.090219,493,1014.070999
3268.560846,901,1015.334175
3626.384758,1000,1016.881248
1632.691849,458,1017.528488
1707.869632,466,1018.175952
3509.230739,974,1019.680186
3516.87066,1000,1021.082042
1532.491465,424,1021.693387
3250.090533,1000,1023.21239
1158.27137,329,1023.693784
3664.941577,1000,1025.212861
1122.322133,355,1025.729033
2872.461446,798,1026.860818
3632.634095,1000,1028.368229
3523.301706,1000,1029.782222
3671.409113,1000,1031.298144
3684.577587,1000,1032.717858
1753.954511,451,1033.351257
3573.317618,1000,1034.89458
2057.68371,597,1035.738372
3603.517208,1000,1037.264471
3108.407483,817,1038.418394
2036.685972,566,1039.223019
3700.330393,1000,1040.762551
3629.140224,1000,1042.175161
3762.208228,1000,1043.706415
3456.914126,1000,1045.12177
1978.417263,553,1045.895086
3746.212434,1000,1047.428606
3943.826343,1000,1048.832362
1965.077331,540,1049.723951
2042.072902,578,1050.521786
2764.130817,703,1051.509726
3667.656324,958,1052.988623
3849.541238,1000,1054.398137
3791.911349,1000,1055.944916
1398.285913,419,1056.524026
3869.448154,1000,1057.94731
1402.916143,380,1058.642941
3837.716558,1000,1060.113367
2511.962902,675,1061.06945
2451.274444,618,1062.068226
1904.078843,507,1062.800298
1808.988132,489,1063.487635
2583.49444,709,1064.775554
2280.379509,604,1065.981675
3388.937651,925,1067.592402
3883.99637,1000,1069.394843
3856.688558,1000,1070.94816
1107.602988,317,1071.546405
3749.481012,1000,1073.07467
3775.486609,1000,1074.619317
3770.921144,1000,1076.162124
1057.0911,355,1076.666372
3830.11966,1000,1078.276977
696.439516,219,1078.586784
3829.096224,1000,1079.98883
2326.497006,635,1081.004187
2684.730084,680,1081.959949
1474.929276,404,1082.537938
1869.35728,519,1083.266235
2213.536337,587,1084.213416
823.503619,251,1084.572706
1411.364698,430,1085.178805
1763.822727,497,1085.884625
1401.676402,390,1086.431373
578.045315,194,1086.708981
1961.953916,539,1087.582095
2021.406913,545,1088.363129
2063.912377,537,1089.131969
1568.834964,428,1089.748255
3721.888604,971,1091.227432
2209.099678,610,1092.10014
3939.826897,1000,1093.638863
2273.590105,599,1094.481632
2544.066825,685,1095.457131
3717.859096,1000,1096.990004
1294.834098,353,1097.489887
118.00848,70,1097.598496
3661.941433,1000,1099.131211
3019.818052,795,1100.25983
3772.935089,1000,1101.677217
3852.144114,1000,1103.210147
3281.665953,844,1104.396085
3769.577345,1000,1105.912638
2409.56303,660,1106.847384
1078.64691,304,1107.259938
1831.654889,497,1108.09096
3937.014862,1000,1109.487864
1336.888196,364,1110.006709
1913.712862,507,1110.725155
889.2908,260,1111.209273
1394.289868,413,1111.807497
1090.003915,297,1112.227424
3671.905907,1000,1113.644487
3582.537197,994,1115.168869
115.301466,65,1115.262599
1733.943993,463,1115.92554
2076.30055,548,1116.696043
1913.297819,522,1117.542063
3962.640438,1000,1118.957288
1915.623632,506,1119.669794
3887.512483,1000,1121.196725
3505.607907,889,1122.46613
3855.733956,1000,1124.007105
3847.438757,1000,1125.411697
3777.789014,940,1126.850827
1707.712661,471,1127.506924
3189.342263,842,1128.705541
3849.670351,1000,1130.223327
216.738703,101,1130.363919
3848.522581,1000,1131.786292
131.366263,74,1131.894007
182.141577,88,1132.006616
276.242255,114,1132.287767
3797.621377,1000,1133.718914
3846.181021,1000,1135.275502
3818.532459,1000,1136.76045
3742.625056,1000,1138.297014
1705.359056,443,1138.92769
3908.433851,1000,1140.331637
3711.230166,1000,1141.866426
2102.048854,531,1142.620654
2965.356031,767,1143.703064
3527.150734,1000,1145.241022
3668.742124,1000,1146.668638
1320.560635,348,1147.160022
1327.682945,371,1147.818729
1578.361309,418,1148.412374
1522.237186,420,1149.005985
1586.007303,426,1149.60663
1405.597208,383,1150.137624
1367.08748,378,1150.802794
950.992056,264,1151.159877
2050.104725,543,1151.928592
2156.640425,564,1152.733054
2008.574215,538,1153.614274
1313.284918,372,1154.143902
2076.737877,550,1154.910381
1576.848281,413,1155.488403
2816.956944,726,1156.647887
1306.176867,349,1157.137993
3798.862311,1000,1158.550822
940.859808,267,1158.944628
3848.400941,1000,1160.505375
3944.904288,1000,1161.928053
2230.466971,642,1162.947481
1143.355173,331,1163.41612
1075.258768,312,1163.876909
1960.527323,503,1164.588343
3556.148253,890,1165.976304
286.779804,117,1166.132517
3979.675635,1000,1167.537163
692.919378,224,1167.863524
3279.702643,821,1169.147332
3495.15261,889,1170.400008
1026.858548,276,1170.795667
647.471125,202,1171.07467
3633.169824,923,1172.50408
1217.740586,340,1172.991581
3661.433681,1000,1174.396061
3854.564713,1000,1175.943915
4011.130789,1000,1177.337685
3753.183158,1000,1178.879374
3773.111048,1000,1180.288557
697.949048,218,1180.734708
3223.624007,801,1181.863257
1740.995467,452,1182.503732
3742.907085,939,1183.962481
3130.980307,811,1185.106714
4099.551249,1000,1186.650545
1432.424129,389,1187.210089
2326.544067,609,1188.08366
1467.656384,394,1188.649569
2350.712151,575,1189.472342
3360.354215,847,1190.805157
2916.037472,737,1191.847798
1445.98739,382,1192.371741
3966.85458,1000,1193.921817
2744.029056,699,1194.912523
4021.287285,1000,1196.430883
2671.416792,689,1197.428576
2247.450017,590,1198.260083
122.212399,66,1198.353809
3945.247786,1000,1199.897106
2166.176654,580,1200.730724
4008.214492,1000,1202.262924
2098.977315,547,1203.040644
3913.744217,1000,1204.460019
1190.257382,327,1205.046609
1207.837191,357,1205.546494
3735.591384,1000,1206.972967
1622.469224,431,1207.586932
1674.263887,458,1208.356927
1202.669118,360,1208.870301
3925.978957,1000,1210.268891
3858.074039,1000,1211.868877
950.551358,268,1212.306278
3042.492799,754,1213.37151
1290.685431,370,1214.028993
2124.904731,553,1214.816848
960.320166,278,1215.194245
3952.016737,1000,1216.618265
1464.539115,382,1217.274705
3993.578582,1000,1218.698151
1757.905869,471,1219.353101
3593.123676,890,1220.743754
1887.207235,490,1221.419308
1640.354354,442,1222.05409
1467.197466,400,1222.625832
1038.712552,301,1223.161897
2237.530182,569,1223.978008
1392.787181,384,1224.509133
1484.361406,397,1225.069415
556.77637,188,1225.334977
3816.795968,941,1226.802565
2548.853598,645,1227.714747
1393.209928,373,1228.238698
1674.221653,453,1228.889403
1033.635434,291,1229.417575
3566.372155,1000,1230.816245
3951.714142,1000,1232.339471
289.342032,115,1232.511306
4005.876666,1000,1233.934685
1378.651098,390,1234.481432
3094.902911,796,1235.738005
1927.250514,495,1236.428527
262.354317,111,1236.592444
2172.055306,549,1237.365418
217.257574,98,1237.506012
3837.55741,1000,1239.037611
3834.948683,1000,1240.462565
2485.400558,644,1241.486037
3892.76376,1000,1242.913556
3821.389528,1000,1244.434539
3705.658638,1000,1245.850599
3895.214996,1000,1247.384344
3883.535209,1000,1248.813639
918.778695,272,1249.192022
4003.856441,1000,1250.736262
3987.783772,1000,1252.144752
1153.691449,310,1252.587845
4047.825909,1000,1254.119411
3028.131723,805,1255.262669
1656.139799,453,1255.909981
1973.534473,494,1256.732027
3937.877554,1000,1258.146811
3913.194896,1000,1259.67309
3896.860099,1000,1261.071618
3833.765141,1000,1262.610641
3304.178484,857,1263.831726
3928.489612,1000,1265.365311
3891.878115,1000,1266.784915
4012.877925,1000,1268.18193
3915.288806,1000,1269.708267
267.003432,114,1269.87286
2717.023187,737,1270.906876
4051.997742,1000,1272.427793
1607.750712,430,1273.035048
2317.777149,630,1273.928362
3724.98272,902,1275.322446
2855.822064,717,1276.340792
1556.131788,432,1276.956859
3381.796074,826,1278.241038
128.14007,66,1278.334799
1337.599557,359,1278.842836
318.513085,123,1279.006154
1450.307375,376,1279.521626
2627.439803,657,1280.580011
1622.03932,421,1281.163166
2535.670911,660,1282.103312
3960.814672,1000,1283.641991
2579.572875,668,1284.584308
1037.874932,294,1284.991027
2075.900928,527,1285.738992
4001.064743,1000,1287.315727
1175.589304,318,1287.832262
4205.753201,1000,1289.244032
1686.505647,454,1290.012417
354.178309,135,1290.199873
1769.899408,449,1290.856496
1937.630522,490,1291.535633
4054.296775,1000,1293.083036
340.199135,137,1293.270463
3965.742031,1000,1294.685466
1632.717769,418,1295.272206
846.352975,252,1295.74995
1984.213952,572,1296.556078
2798.182305,706,1297.543226
4042.399147,1000,1299.085296
2402.545011,626,1299.974278
3830.220983,1000,1301.394178
2420.035326,620,1302.381154
3941.553922,1000,1303.813174
2772.045137,714,1304.941297
4039.173713,989,1306.334844
2909.773712,748,1307.396672
1351.65338,370,1308.0556
296.800699,118,1308.227434
298.057945,118,1308.383683
3267.730104,832,1309.586184
1800.851787,479,1310.260044
2364.947247,608,1311.247218
3941.32141,1000,1312.669427
1935.210902,501,1313.366245
2994.54885,766,1314.579664
1252.087811,338,1315.118661
4075.421701,1000,1316.58059
3566.437177,876,1317.950221
3219.979686,808,1319.097433
3941.531313,1000,1320.629735
1976.58248,518,1321.34916
3938.024585,1000,1322.885906
3751.231171,933,1324.212728
3293.01402,806,1325.356158
2170.571908,567,1326.275546
730.280868,252,1326.64748
835.124375,246,1326.991336
4000.81318,984,1328.443669
3963.783143,1000,1329.991237
4028.3483,1000,1331.400549
3982.338104,1000,1332.926097
3740.837906,1000,1334.335335
3848.162101,1000,1335.87619
1727.161409,441,1336.492888
4023.949178,1000,1338.025597
2287.809491,598,1338.875117
3917.053344,1000,1340.269485
1527.703183,418,1340.873041
4094.102641,1000,1342.396554
3976.830978,1000,1343.818958
4012.734363,1000,1345.353218
2917.994206,719,1346.371586
1851.003999,462,1347.154039
3844.635726,1000,1348.554276
3891.059945,964,1349.910345
3889.593766,981,1351.428542
4042.940097,1000,1352.857499
1569.38407,462,1353.629
3069.875095,789,1354.74473
3871.21251,936,1356.177628
2124.201866,552,1356.961779
4009.87537,1000,1358.381175
3459.690997,843,1359.70154
4043.789747,1000,1361.113107
3696.920482,936,1362.60411
2023.652247,520,1363.349468
2703.140982,674,1364.347599
2566.630278,632,1365.365981
3966.396013,1000,1366.796125
3089.122631,810,1367.941382
3819.816521,1000,1369.475651
1391.192986,378,1370.021941
3212.341546,769,1371.113352
2078.034917,528,1371.990509
4016.579496,1000,1373.400318
3790.460922,1000,1374.942131
1617.18643,446,1375.578419
2764.570602,693,1376.553435
4060.555143,1000,1378.097067
4023.371634,1000,1379.521663
1474.874044,382,1380.07228
4038.286947,1000,1381.606173
1887.745972,500,1382.301321
3414.717796,863,1383.65314
3956.680637,1000,1385.065707
4019.730732,1000,1386.618523
273.174353,109,1386.79505
3109.328652,745,1387.949731
4054.440664,1000,1389.591233
1737.023506,470,1390.46782
4124.690326,1000,1392.019133
1057.083972,285,1392.425254
3897.736993,1000,1393.963206
1434.203464,386,1394.509953
3933.881978,1000,1395.925709
3807.348191,1000,1397.45982
2221.219649,564,1398.256087
3800.703338,1000,1399.798047
1993.14091,525,1400.522067
4121.872373,1000,1401.950393
2989.820291,740,1403.113098
1817.10908,477,1403.809881
2803.176442,712,1404.821952
2791.503839,696,1405.92641
3952.526009,1000,1407.319146
286.520288,114,1407.490948
3858.357765,924,1408.919024
1181.023688,326,1409.372076
4035.841742,1000,1410.788063
3913.779578,1000,1412.318185
2938.37533,791,1413.44086
1506.512404,410,1414.021834
4039.652993,1000,1415.579819
2663.377647,655,1416.49702
1833.083592,472,1417.284943
274.296848,115,1417.456777
3856.987694,1000,1418.880842
1612.40144,426,1419.474939
4033.659834,1000,1421.006725
3883.286681,1000,1422.415482
1488.838157,406,1422.99745
3775.391344,972,1424.487715
3645.948966,1000,1425.912106
1240.017307,387,1426.583977
1139.539699,329,1427.039884
3670.574201,1000,1428.459485
2209.208652,580,1429.463217
3254.84023,808,1430.608762
3693.46738,1000,1432.022902
2906.04717,742,1433.193141
3921.028309,1000,1434.615644
2648.710258,678,1435.700125
2543.215156,671,1436.650015
2040.684338,525,1437.4027
4099.856851,1000,1438.976092
2285.922981,604,1439.871686
3857.067795,1000,1441.289971
4078.473998,1000,1442.836536
4041.683587,1000,1444.247131
1818.726098,1000,1445.800427
1696.557973,448,1446.429129
2719.607113,694,1447.412027
1275.618974,346,1448.055651
3979.248713,998,1449.459598
2909.529318,783,1450.556078
1976.458818,1000,1452.113598
1376.1514,395,1452.683788
1240.249231,381,1453.226154
3709.507553,1000,1454.762837
3935.590384,1000,1456.16295
1009.411064,304,1456.597376
3496.313125,1000,1458.122036
2346.625465,611,1458.988089
2423.944925,617,1459.974701
4099.130728,1000,1461.381195
2178.385516,629,1462.269592
3727.724253,971,1463.764655
3374.815905,849,1464.96554
1243.830809,384,1465.512281
3782.978008,1000,1467.053579
3596.703465,919,1468.34977
3587.34005,1000,1469.881709
1407.723133,433,1470.490941
3838.722023,1000,1472.027887
3189.61433,1000,1473.457088
3926.7366,1000,1474.99015
3763.199443,1000,1476.399755
